temparature,humidity,moisture,nitrogen,potassium,phosphorous,clusters,soil_type,crop_type,fertilizer_name
38.32,58.04,29.6,4,13,32,0,Black,Barley,14-35-14
25.5,51.34,61.51,12,11,27,2,Loamy,Cotton,28-28
30.58,58.47,28.12,39,0,0,1,Sandy,Ground Nuts,DAP
27.35,47.36,48.45,10,18,18,2,Sandy,Oil seeds,17-17-17
38.88,70.87,44.32,19,3,22,0,Sandy,Ground Nuts,14-35-14
23.18,55.93,31.73,16,0,8,2,Sandy,Tobacco,17-17-17
26.09,60.39,70.0,35,0,0,1,Red,Oil seeds,Urea
25.8,57.61,40.46,2,17,17,2,Red,Barley,DAP
36.42,59.37,37.49,22,0,15,0,Red,Paddy,17-17-17
24.59,58.22,64.12,9,14,12,2,Sandy,Paddy,10-26-26
33.32,56.56,52.81,7,7,32,0,Red,Cotton,17-17-17
28.57,63.78,31.25,17,0,39,0,Black,Paddy,Urea
30.03,52.95,35.22,25,0,18,2,Sandy,Barley,Urea
27.29,59.32,68.93,6,12,26,2,Clayey,Maize,20-20
26.64,56.92,41.8,7,0,46,2,Black,Oil seeds,Urea
33.95,67.71,34.77,10,0,43,0,Sandy,Pulses,DAP
33.62,63.24,36.1,25,0,20,0,Clayey,Tobacco,10-26-26
30.02,44.98,45.58,21,0,22,2,Loamy,Barley,28-28
23.78,50.2,41.1,21,0,20,2,Clayey,Wheat,DAP
29.78,59.94,29.17,22,0,19,2,Sandy,Pulses,17-17-17
27.79,58.46,20.0,6,5,27,2,Red,Tobacco,14-35-14
27.12,63.03,28.6,12,4,39,2,Loamy,Paddy,DAP
28.25,54.74,70.0,15,8,12,2,Red,Maize,17-17-17
30.03,44.92,39.54,13,10,33,2,Red,Millets,20-20
32.48,53.65,28.91,41,3,0,1,Clayey,Tobacco,17-17-17
32.17,55.02,37.37,20,0,14,2,Sandy,Sugarcane,10-26-26
28.97,42.16,45.5,18,2,9,2,Loamy,Tobacco,14-35-14
21.84,58.79,53.97,10,13,11,2,Loamy,Maize,14-35-14
38.75,59.06,26.59,7,0,39,0,Red,Pulses,10-26-26
26.53,54.66,31.33,15,20,12,2,Sandy,Wheat,Urea
28.46,53.05,34.92,26,3,27,2,Red,Pulses,10-26-26
34.71,70.96,45.56,9,14,11,0,Loamy,Oil seeds,28-28
23.57,58.87,21.5,10,0,9,2,Clayey,Tobacco,Urea
31.49,47.25,30.78,35,0,0,1,Loamy,Cotton,17-17-17
33.81,60.32,39.79,11,0,13,0,Loamy,Millets,20-20
25.19,60.71,52.06,26,0,25,2,Red,Paddy,14-35-14
31.07,66.31,35.37,36,2,0,1,Red,Tobacco,Urea
21.58,47.1,30.17,35,0,0,1,Sandy,Paddy,Urea
24.79,58.23,28.99,39,0,0,1,Red,Wheat,10-26-26
27.53,47.05,22.75,9,0,8,2,Clayey,Cotton,28-28
35.78,74.8,29.82,8,4,13,0,Black,Ground Nuts,28-28
21.51,55.9,45.54,22,3,22,2,Clayey,Maize,28-28
23.54,56.34,60.76,14,11,13,2,Red,Millets,17-17-17
21.37,53.85,26.22,4,17,17,2,Sandy,Ground Nuts,DAP
29.76,60.63,45.62,33,0,0,1,Black,Wheat,28-28
28.17,50.93,37.01,30,0,0,1,Clayey,Sugarcane,17-17-17
37.79,62.57,61.86,13,1,41,0,Clayey,Sugarcane,20-20
31.15,52.04,47.36,11,1,31,2,Loamy,Paddy,10-26-26
29.97,57.71,70.0,8,7,32,0,Clayey,Pulses,17-17-17
29.77,66.6,24.94,0,21,15,2,Loamy,Ground Nuts,DAP
34.12,78.05,45.51,40,0,4,1,Sandy,Oil seeds,Urea
33.2,53.06,64.27,12,8,33,0,Sandy,Sugarcane,14-35-14
36.38,70.01,60.43,40,2,4,1,Loamy,Maize,DAP
26.57,53.43,43.69,19,4,21,2,Clayey,Ground Nuts,28-28
30.05,49.6,38.88,11,0,41,2,Black,Ground Nuts,DAP
33.82,55.15,55.67,42,4,0,1,Red,Ground Nuts,10-26-26
27.3,58.19,21.84,8,5,34,2,Loamy,Paddy,DAP
27.05,50.42,42.32,10,4,11,2,Clayey,Paddy,17-17-17
30.78,58.79,47.7,27,4,19,2,Clayey,Sugarcane,DAP
26.81,68.51,57.27,9,15,8,2,Sandy,Millets,14-35-14
24.22,50.03,55.39,9,0,37,2,Clayey,Barley,20-20
25.22,47.33,25.94,9,2,45,2,Sandy,Cotton,Urea
34.76,60.13,44.36,15,4,42,0,Sandy,Millets,17-17-17
32.91,59.28,65.83,34,3,0,1,Red,Maize,DAP
25.03,57.3,62.78,9,2,38,2,Red,Paddy,28-28
38.38,71.17,56.45,36,0,3,1,Clayey,Wheat,14-35-14
33.73,70.72,33.03,34,4,4,1,Red,Maize,20-20
32.06,46.96,51.16,8,8,29,2,Sandy,Maize,14-35-14
34.13,65.02,35.68,41,0,3,1,Black,Cotton,DAP
32.47,65.43,40.33,2,9,32,0,Red,Sugarcane,20-20
31.97,57.04,39.26,23,0,26,0,Loamy,Maize,10-26-26
29.68,55.32,30.31,19,1,14,2,Clayey,Paddy,28-28
31.07,73.26,40.82,5,12,30,0,Sandy,Pulses,Urea
29.67,64.88,33.45,43,2,3,1,Sandy,Millets,28-28
25.92,63.87,37.41,10,0,14,2,Red,Sugarcane,10-26-26
28.79,68.18,47.81,23,2,23,0,Sandy,Oil seeds,28-28
30.11,63.21,39.22,13,0,11,0,Red,Barley,17-17-17
29.13,44.19,38.55,14,3,9,2,Sandy,Millets,20-20
31.46,60.92,35.26,10,2,39,0,Black,Barley,20-20
32.0,69.37,40.63,9,0,11,0,Red,Millets,14-35-14
30.24,61.77,37.68,14,0,16,2,Loamy,Tobacco,20-20
26.37,52.2,36.71,17,4,44,2,Loamy,Cotton,14-35-14
33.83,56.33,40.46,9,11,17,2,Clayey,Cotton,Urea
38.92,57.75,34.28,13,0,38,0,Clayey,Tobacco,DAP
30.64,62.44,50.79,11,0,7,0,Red,Millets,DAP
24.83,54.72,32.76,32,4,4,1,Black,Oil seeds,10-26-26
34.14,78.24,27.47,10,0,41,0,Clayey,Pulses,10-26-26
33.09,65.12,37.71,19,0,24,0,Red,Pulses,20-20
32.69,72.28,38.65,37,1,0,1,Loamy,Tobacco,Urea
32.88,64.12,33.49,9,0,36,0,Red,Ground Nuts,Urea
31.78,74.98,58.44,7,9,15,0,Sandy,Maize,28-28
31.5,66.45,61.75,11,9,34,0,Sandy,Paddy,28-28
24.53,67.4,48.49,8,9,18,2,Red,Paddy,20-20
27.66,47.56,41.75,11,1,9,2,Black,Ground Nuts,10-26-26
40.0,77.51,44.13,14,0,44,0,Black,Paddy,17-17-17
34.51,54.79,54.12,5,6,26,0,Loamy,Maize,28-28
35.75,65.56,56.3,11,0,37,0,Loamy,Sugarcane,14-35-14
30.28,69.29,53.16,39,1,2,1,Sandy,Tobacco,10-26-26
34.88,62.36,57.79,36,0,0,1,Clayey,Pulses,20-20
33.49,63.22,25.31,10,3,36,0,Clayey,Maize,28-28
36.73,71.35,70.0,11,4,38,0,Black,Sugarcane,Urea
30.17,55.55,28.99,10,0,41,2,Sandy,Tobacco,10-26-26
31.72,58.72,70.0,13,0,42,0,Sandy,Sugarcane,28-28
29.16,58.29,45.56,23,0,19,2,Red,Tobacco,14-35-14
27.82,57.4,31.09,42,0,0,1,Red,Oil seeds,28-28
25.43,48.84,35.9,35,0,0,1,Black,Pulses,17-17-17
33.15,58.53,32.29,3,7,34,0,Loamy,Sugarcane,DAP
32.83,59.11,29.94,10,0,42,0,Clayey,Tobacco,17-17-17
26.57,52.98,56.7,3,7,32,2,Sandy,Tobacco,20-20
24.76,61.52,44.12,24,0,24,2,Red,Millets,14-35-14
26.0,52.0,39.0,21,0,23,2,Clayey,Pulses,28-28
23.54,47.71,27.92,13,9,32,2,Red,Barley,Urea
26.15,60.28,36.97,8,14,20,2,Sandy,Barley,14-35-14
24.26,49.84,30.21,11,13,31,2,Sandy,Barley,20-20
30.81,55.65,36.46,15,0,34,2,Red,Wheat,10-26-26
28.49,56.61,36.96,6,0,12,2,Red,Barley,Urea
29.7,49.26,41.74,9,8,16,2,Clayey,Barley,28-28
29.37,51.15,57.25,9,4,35,2,Loamy,Cotton,17-17-17
26.8,60.69,60.28,15,0,11,2,Loamy,Wheat,17-17-17
39.22,70.14,42.1,6,6,27,0,Sandy,Pulses,DAP
37.54,62.31,37.71,12,0,39,0,Loamy,Oil seeds,Urea
36.23,62.8,42.68,14,0,31,0,Clayey,Maize,Urea
27.32,55.2,41.01,10,2,40,2,Black,Barley,28-28
28.03,42.81,70.0,5,0,14,2,Black,Sugarcane,10-26-26
30.79,53.82,68.44,11,12,31,2,Loamy,Paddy,14-35-14
26.21,55.82,40.52,10,7,29,2,Black,Millets,17-17-17
27.06,59.18,59.42,9,1,4,2,Black,Tobacco,10-26-26
34.39,70.57,50.22,10,13,15,0,Red,Sugarcane,20-20
26.38,49.88,65.47,32,1,1,1,Black,Maize,17-17-17
23.48,47.79,30.27,14,14,7,2,Clayey,Pulses,10-26-26
31.41,73.32,30.0,9,4,7,0,Black,Pulses,Urea
27.83,45.02,52.22,34,0,1,1,Black,Oil seeds,DAP
25.31,65.68,54.26,14,3,41,0,Red,Pulses,20-20
22.8,50.11,38.86,18,0,16,2,Loamy,Cotton,10-26-26
33.81,55.89,56.88,10,2,33,0,Clayey,Pulses,10-26-26
26.27,55.86,36.93,38,0,0,1,Clayey,Ground Nuts,17-17-17
27.05,53.84,37.54,23,0,24,2,Black,Maize,14-35-14
25.62,51.09,40.66,25,0,20,2,Clayey,Pulses,20-20
26.98,68.44,39.49,36,0,3,1,Loamy,Pulses,20-20
31.06,61.86,25.72,6,16,18,2,Sandy,Pulses,17-17-17
31.26,61.46,56.74,4,13,35,0,Black,Millets,DAP
25.67,44.93,45.94,19,0,15,2,Sandy,Millets,20-20
38.84,61.78,60.96,14,0,34,0,Loamy,Maize,Urea
35.64,58.1,59.75,11,7,26,0,Loamy,Cotton,28-28
34.48,80.0,52.95,41,3,4,1,Red,Tobacco,DAP
24.54,49.35,57.77,12,0,9,2,Red,Barley,14-35-14
26.9,42.45,46.23,8,16,11,2,Loamy,Wheat,20-20
34.41,58.34,39.5,13,2,14,0,Loamy,Pulses,20-20
29.26,60.28,34.61,45,0,3,1,Loamy,Sugarcane,28-28
37.38,63.08,42.58,12,0,37,0,Sandy,Barley,10-26-26
23.71,63.86,35.37,36,0,2,1,Sandy,Paddy,10-26-26
27.97,53.64,28.44,7,3,32,2,Black,Sugarcane,17-17-17
29.06,54.83,25.81,26,0,24,2,Sandy,Barley,14-35-14
40.0,65.47,42.28,11,0,40,0,Red,Barley,17-17-17
31.38,67.84,59.74,12,0,34,0,Loamy,Maize,10-26-26
36.54,71.5,43.04,40,0,3,1,Clayey,Oil seeds,DAP
28.67,57.85,35.03,25,0,15,1,Red,Sugarcane,Urea
29.09,53.7,30.89,45,0,0,1,Red,Sugarcane,Urea
32.3,58.56,36.13,25,2,20,0,Sandy,Millets,20-20
29.58,65.6,37.56,40,3,4,1,Black,Millets,14-35-14
29.99,52.36,48.22,16,0,39,2,Black,Pulses,17-17-17
23.59,48.13,28.61,40,0,1,1,Sandy,Sugarcane,DAP
26.14,57.9,20.0,9,9,25,2,Red,Cotton,14-35-14
30.35,64.59,65.36,5,8,28,0,Loamy,Maize,28-28
26.62,46.12,36.96,25,0,28,2,Black,Ground Nuts,28-28
28.38,47.58,34.86,20,0,20,2,Black,Paddy,28-28
24.53,55.6,43.85,12,5,27,2,Black,Barley,10-26-26
33.88,55.46,26.2,37,0,0,1,Black,Millets,28-28
30.0,47.92,45.35,23,0,19,2,Clayey,Paddy,14-35-14
27.43,51.19,59.36,11,0,37,2,Sandy,Tobacco,17-17-17
28.44,55.65,65.23,38,2,0,1,Sandy,Pulses,28-28
30.31,50.43,35.53,25,0,22,2,Clayey,Maize,28-28
28.24,51.23,42.62,19,0,38,2,Red,Cotton,DAP
24.07,66.32,34.51,24,0,22,2,Clayey,Maize,20-20
34.95,64.93,62.63,31,1,0,1,Clayey,Wheat,14-35-14
31.28,71.0,67.55,26,4,22,0,Red,Oil seeds,28-28
28.31,66.5,29.81,18,0,27,0,Clayey,Millets,20-20
35.39,65.38,54.92,17,0,40,0,Sandy,Paddy,10-26-26
33.91,72.18,53.83,15,15,12,0,Sandy,Barley,DAP
39.89,63.45,47.15,12,14,19,0,Sandy,Barley,17-17-17
39.78,72.13,29.77,7,2,41,0,Clayey,Maize,28-28
29.22,68.58,68.54,5,12,28,0,Clayey,Pulses,10-26-26
23.0,55.77,37.58,25,0,20,2,Clayey,Sugarcane,17-17-17
30.61,69.73,64.16,39,3,0,1,Loamy,Paddy,20-20
37.64,71.0,34.45,8,3,9,0,Loamy,Paddy,17-17-17
26.63,46.79,30.36,12,8,17,2,Red,Millets,20-20
35.04,69.13,59.45,14,14,13,0,Black,Sugarcane,10-26-26
26.25,69.57,37.25,10,0,4,2,Red,Tobacco,28-28
29.25,42.98,64.69,10,11,16,2,Black,Barley,28-28
32.5,63.91,50.78,7,0,46,0,Loamy,Barley,20-20
39.78,63.55,29.54,6,7,29,0,Clayey,Pulses,17-17-17
24.37,52.52,35.28,12,8,34,2,Sandy,Maize,10-26-26
24.83,59.19,31.4,40,0,3,1,Clayey,Paddy,17-17-17
27.23,66.1,32.32,21,2,24,2,Black,Millets,Urea
28.25,51.77,37.97,25,0,26,2,Loamy,Sugarcane,10-26-26
30.5,44.64,38.98,40,0,1,1,Black,Maize,20-20
31.52,62.57,31.45,39,4,2,1,Red,Millets,20-20
22.91,57.98,48.26,24,4,22,2,Sandy,Ground Nuts,17-17-17
33.94,62.1,56.9,5,0,8,0,Red,Ground Nuts,10-26-26
26.0,52.0,35.0,12,10,13,2,Sandy,Barley,17-17-17
30.47,67.64,60.18,39,0,0,1,Red,Cotton,17-17-17
30.39,50.71,35.06,40,2,3,1,Clayey,Millets,14-35-14
32.58,64.48,27.8,15,0,35,0,Sandy,Paddy,17-17-17
27.62,54.8,31.39,17,0,22,2,Red,Paddy,DAP
40.0,66.23,24.12,8,0,14,0,Black,Paddy,20-20
34.13,72.64,46.55,21,0,17,0,Black,Tobacco,Urea
33.44,67.72,40.98,13,6,33,0,Loamy,Maize,DAP
31.63,59.3,36.89,13,0,34,0,Black,Pulses,Urea
21.4,45.95,67.15,13,3,9,2,Loamy,Cotton,28-28
27.75,53.08,32.46,20,0,21,2,Clayey,Oil seeds,28-28
33.94,69.64,41.55,10,3,29,0,Loamy,Paddy,17-17-17
32.11,52.48,33.96,5,1,12,2,Red,Pulses,Urea
31.25,69.0,50.68,13,9,35,0,Sandy,Maize,17-17-17
33.32,59.59,41.45,7,14,16,0,Red,Wheat,10-26-26
34.03,68.66,20.0,4,5,25,0,Sandy,Paddy,20-20
33.21,50.19,41.78,6,0,12,2,Black,Ground Nuts,28-28
37.09,56.19,40.03,25,0,22,0,Loamy,Paddy,Urea
33.97,66.11,59.93,36,0,0,1,Clayey,Wheat,14-35-14
24.43,56.39,20.0,13,8,29,2,Black,Oil seeds,Urea
36.68,60.6,31.3,8,0,13,0,Red,Oil seeds,10-26-26
39.87,60.83,56.01,18,0,40,0,Clayey,Barley,DAP
26.27,48.43,36.14,15,0,8,2,Loamy,Maize,17-17-17
33.36,48.62,48.04,9,0,36,2,Black,Paddy,14-35-14
29.67,60.0,70.0,13,3,8,2,Red,Tobacco,Urea
29.68,51.55,20.35,16,0,38,2,Red,Barley,10-26-26
29.35,67.05,31.67,24,3,19,0,Black,Cotton,DAP
39.41,63.5,41.68,17,0,10,0,Black,Oil seeds,10-26-26
29.51,53.95,38.65,20,4,18,2,Loamy,Maize,Urea
24.6,52.29,30.92,16,0,39,2,Black,Tobacco,DAP
34.36,69.3,43.14,24,2,16,0,Loamy,Sugarcane,Urea
28.46,63.35,51.28,12,2,31,0,Sandy,Maize,Urea
30.97,57.22,43.37,13,0,36,0,Black,Pulses,17-17-17
22.6,55.01,40.3,39,0,0,1,Clayey,Cotton,DAP
34.07,57.14,68.4,22,0,20,0,Red,Paddy,14-35-14
31.75,46.07,32.2,39,3,3,1,Red,Pulses,20-20
28.3,50.98,67.77,14,0,18,2,Black,Wheat,DAP
32.45,60.24,55.92,10,5,31,0,Sandy,Millets,28-28
21.33,53.57,55.5,7,13,19,2,Clayey,Millets,DAP
40.0,65.13,40.28,9,0,39,0,Loamy,Barley,Urea
29.27,66.25,31.4,19,2,22,0,Loamy,Paddy,10-26-26
34.02,52.63,26.43,12,0,39,0,Clayey,Oil seeds,20-20
22.33,56.84,29.98,18,4,23,2,Black,Ground Nuts,14-35-14
25.99,51.27,38.05,25,0,15,2,Loamy,Maize,DAP
28.35,52.08,20.51,45,0,4,1,Black,Paddy,Urea
29.25,63.08,52.62,21,4,29,0,Black,Sugarcane,28-28
35.2,70.49,38.88,23,0,18,0,Black,Wheat,Urea
23.74,48.91,62.89,8,14,13,2,Sandy,Paddy,28-28
29.54,68.62,31.48,39,0,2,1,Red,Pulses,17-17-17
34.24,66.72,42.15,26,4,23,0,Clayey,Millets,DAP
35.24,70.01,41.45,10,0,45,0,Loamy,Tobacco,10-26-26
25.41,56.57,63.78,10,8,11,2,Sandy,Paddy,Urea
36.5,67.29,49.74,25,0,18,0,Loamy,Paddy,20-20
38.56,64.33,25.81,14,0,18,0,Clayey,Wheat,10-26-26
30.26,62.42,39.3,5,10,28,0,Clayey,Ground Nuts,20-20
27.1,57.17,39.17,20,1,19,2,Red,Maize,DAP
24.1,52.08,65.93,6,0,34,2,Sandy,Barley,28-28
26.4,65.11,55.15,3,9,37,2,Black,Pulses,Urea
36.47,68.69,55.78,38,2,0,1,Clayey,Paddy,14-35-14
27.54,62.3,34.0,27,1,25,2,Black,Sugarcane,10-26-26
32.82,59.79,46.25,33,0,0,1,Red,Wheat,DAP
33.11,64.58,70.0,12,0,33,0,Loamy,Paddy,20-20
26.23,46.01,35.38,13,0,36,2,Sandy,Wheat,14-35-14
27.87,61.74,37.0,26,1,23,2,Clayey,Millets,DAP
34.58,63.02,35.88,11,4,35,0,Clayey,Wheat,17-17-17
36.4,55.65,42.68,26,0,14,1,Clayey,Wheat,14-35-14
29.08,58.44,44.95,3,15,21,2,Clayey,Oil seeds,DAP
29.31,65.92,49.87,13,1,5,0,Sandy,Sugarcane,20-20
25.88,42.06,48.59,15,4,31,2,Black,Maize,10-26-26
25.05,54.36,40.75,8,0,37,2,Black,Sugarcane,10-26-26
37.46,61.25,31.69,9,0,37,0,Clayey,Tobacco,10-26-26
31.18,55.84,28.31,43,4,2,1,Clayey,Millets,28-28
29.6,70.57,54.2,21,4,21,0,Black,Sugarcane,14-35-14
36.48,66.57,54.5,14,17,21,0,Black,Ground Nuts,17-17-17
30.16,73.4,62.27,33,3,2,1,Clayey,Sugarcane,14-35-14
31.07,61.96,50.7,11,14,22,0,Sandy,Tobacco,28-28
23.91,43.52,39.54,34,2,0,1,Black,Sugarcane,17-17-17
30.86,57.51,25.42,10,0,38,0,Clayey,Sugarcane,10-26-26
21.41,53.24,26.72,21,0,17,2,Loamy,Ground Nuts,14-35-14
34.1,65.21,40.7,18,3,27,0,Red,Pulses,Urea
36.02,69.03,54.45,21,0,22,0,Sandy,Barley,20-20
29.46,52.15,55.43,7,2,14,2,Sandy,Maize,17-17-17
25.02,54.12,31.81,38,4,0,1,Sandy,Wheat,28-28
30.52,70.57,59.93,38,3,2,1,Clayey,Sugarcane,14-35-14
35.36,66.71,31.57,20,0,28,0,Sandy,Wheat,Urea
33.04,56.04,63.33,10,3,13,0,Black,Maize,Urea
23.68,46.46,50.13,38,3,1,1,Sandy,Oil seeds,14-35-14
29.0,58.0,43.0,24,0,18,2,Clayey,Paddy,28-28
28.77,46.44,53.68,21,0,18,2,Sandy,Maize,14-35-14
30.41,57.63,37.84,10,10,16,2,Red,Paddy,14-35-14
38.44,62.45,46.09,42,0,0,1,Red,Ground Nuts,17-17-17
29.61,60.38,42.91,11,0,37,0,Clayey,Paddy,Urea
32.13,65.75,52.1,13,0,35,0,Loamy,Pulses,14-35-14
32.71,55.63,37.14,12,0,35,0,Clayey,Oil seeds,17-17-17
31.97,56.88,44.52,7,9,27,2,Sandy,Ground Nuts,10-26-26
32.35,48.81,46.33,31,3,0,1,Loamy,Paddy,20-20
26.76,64.22,53.63,5,8,30,2,Sandy,Ground Nuts,28-28
25.98,52.5,64.54,15,1,6,2,Sandy,Sugarcane,17-17-17
40.0,65.43,64.34,14,0,36,0,Sandy,Pulses,17-17-17
31.81,70.43,57.66,5,12,9,0,Loamy,Sugarcane,DAP
20.34,48.15,42.35,16,0,23,2,Red,Millets,14-35-14
26.05,54.67,33.13,7,16,22,2,Red,Tobacco,17-17-17
28.68,61.24,31.87,23,0,21,2,Loamy,Tobacco,28-28
35.73,71.25,45.65,12,3,30,0,Clayey,Millets,20-20
38.16,64.57,44.12,6,5,27,0,Sandy,Cotton,10-26-26
30.55,51.34,42.6,9,0,7,2,Black,Sugarcane,17-17-17
27.27,62.47,57.15,16,0,5,2,Clayey,Millets,DAP
27.82,65.01,36.96,8,13,11,2,Black,Oil seeds,DAP
26.48,57.43,33.64,37,0,0,1,Black,Paddy,14-35-14
25.64,52.31,36.33,37,0,0,1,Loamy,Maize,Urea
40.0,64.69,54.83,8,8,25,0,Loamy,Sugarcane,DAP
27.52,61.83,53.46,12,12,30,2,Red,Paddy,17-17-17
34.72,65.09,62.52,8,4,25,0,Clayey,Millets,28-28
26.95,62.85,63.53,10,0,38,0,Clayey,Oil seeds,Urea
22.93,52.54,39.37,9,0,8,2,Sandy,Cotton,28-28
20.56,55.98,65.55,34,0,0,1,Loamy,Barley,DAP
20.76,48.98,63.92,12,16,10,2,Black,Tobacco,20-20
23.92,47.26,38.11,9,7,25,2,Red,Maize,Urea
23.38,55.92,50.56,7,20,19,2,Clayey,Wheat,14-35-14
38.61,75.37,60.29,39,0,0,1,Clayey,Millets,20-20
31.05,53.19,63.73,14,4,34,2,Black,Ground Nuts,14-35-14
26.79,62.91,25.01,14,0,35,2,Loamy,Sugarcane,DAP
30.45,57.02,53.78,13,3,35,0,Sandy,Sugarcane,17-17-17
37.6,58.72,21.63,11,8,26,0,Sandy,Barley,28-28
31.79,64.7,58.61,6,10,32,0,Clayey,Maize,17-17-17
32.29,67.95,50.47,7,5,28,0,Black,Ground Nuts,Urea
29.36,57.52,28.75,12,0,40,2,Clayey,Barley,DAP
36.17,72.76,41.81,35,0,1,1,Sandy,Tobacco,14-35-14
23.54,58.86,47.16,40,0,0,1,Sandy,Sugarcane,28-28
23.83,60.51,31.59,8,19,22,2,Black,Cotton,20-20
25.44,59.38,44.01,5,11,26,2,Red,Paddy,10-26-26
30.12,64.91,33.26,35,0,4,1,Sandy,Millets,20-20
20.41,46.34,20.0,12,16,15,2,Loamy,Paddy,20-20
28.76,50.58,38.28,35,3,1,1,Loamy,Oil seeds,17-17-17
35.43,50.87,44.74,18,0,36,0,Loamy,Ground Nuts,DAP
26.48,62.9,33.45,9,15,16,2,Sandy,Oil seeds,DAP
26.58,42.83,35.09,12,12,7,2,Sandy,Oil seeds,17-17-17
36.41,64.96,59.81,7,10,28,0,Black,Sugarcane,17-17-17
28.0,41.61,30.62,23,0,22,2,Red,Oil seeds,17-17-17
33.48,58.65,32.9,7,3,39,0,Loamy,Sugarcane,28-28
33.19,62.06,52.48,12,13,8,0,Sandy,Sugarcane,14-35-14
27.41,57.31,54.62,20,4,14,2,Loamy,Tobacco,20-20
29.76,61.14,53.09,3,13,32,0,Black,Pulses,DAP
29.8,66.92,55.34,30,1,4,1,Clayey,Wheat,28-28
24.5,43.5,22.45,17,0,38,2,Loamy,Ground Nuts,10-26-26
32.32,65.32,46.1,12,15,21,0,Sandy,Barley,17-17-17
22.18,48.97,24.49,9,0,42,2,Clayey,Maize,DAP
38.44,55.47,52.25,7,17,15,0,Red,Maize,17-17-17
36.12,64.07,33.97,6,5,25,0,Clayey,Maize,17-17-17
25.73,62.59,36.32,31,0,0,1,Sandy,Sugarcane,Urea
35.14,58.65,43.04,11,19,13,0,Sandy,Pulses,14-35-14
30.09,65.32,32.53,19,2,18,0,Sandy,Ground Nuts,17-17-17
23.19,56.16,38.28,36,4,0,1,Sandy,Oil seeds,28-28
25.76,66.93,23.29,10,2,34,2,Red,Ground Nuts,DAP
21.45,47.54,35.03,21,0,20,2,Red,Tobacco,17-17-17
24.78,59.94,49.61,38,0,3,1,Clayey,Sugarcane,28-28
25.8,68.86,28.28,16,0,36,0,Clayey,Paddy,20-20
34.03,61.83,32.95,6,11,26,0,Red,Tobacco,DAP
29.63,58.39,64.42,8,1,11,2,Sandy,Barley,28-28
26.15,52.69,49.11,18,0,18,2,Sandy,Ground Nuts,14-35-14
33.55,58.99,28.88,33,3,0,1,Loamy,Paddy,20-20
20.87,52.12,44.25,19,0,21,2,Loamy,Pulses,Urea
22.68,56.76,68.02,8,0,11,2,Black,Cotton,10-26-26
30.24,71.18,28.39,41,0,3,1,Black,Cotton,DAP
24.59,51.79,70.0,9,3,8,2,Black,Paddy,28-28
30.49,61.62,43.88,21,0,21,0,Clayey,Wheat,DAP
28.3,44.16,37.12,45,0,0,1,Sandy,Millets,17-17-17
30.59,60.6,24.53,23,0,25,0,Black,Maize,Urea
35.79,67.64,45.04,41,0,0,1,Red,Barley,Urea
26.68,58.71,31.63,24,0,23,2,Black,Oil seeds,10-26-26
35.62,64.0,37.51,22,0,17,0,Black,Cotton,DAP
22.59,58.51,42.18,10,22,13,2,Red,Millets,10-26-26
27.17,60.75,56.14,10,10,32,2,Red,Ground Nuts,Urea
28.67,68.13,40.26,23,3,20,0,Loamy,Maize,28-28
27.79,54.72,69.39,40,0,0,1,Black,Maize,20-20
27.26,64.73,20.0,4,9,33,2,Loamy,Wheat,10-26-26
26.52,58.92,34.29,5,9,34,2,Clayey,Tobacco,DAP
31.52,62.74,54.75,33,0,3,1,Sandy,Maize,DAP
31.04,70.01,59.44,31,0,0,1,Sandy,Tobacco,20-20
40.0,64.09,46.49,4,4,29,0,Sandy,Tobacco,Urea
35.4,71.15,68.71,25,0,19,0,Black,Sugarcane,DAP
38.91,64.93,39.42,38,2,1,1,Sandy,Pulses,DAP
35.86,70.31,54.4,40,3,1,1,Clayey,Ground Nuts,17-17-17
25.27,52.33,20.33,15,0,36,2,Loamy,Tobacco,20-20
35.68,61.52,55.89,7,10,10,0,Clayey,Pulses,17-17-17
36.74,55.56,22.31,23,3,23,0,Red,Oil seeds,28-28
29.78,56.76,51.66,10,0,33,2,Loamy,Tobacco,17-17-17
33.72,60.97,44.56,8,12,20,0,Sandy,Wheat,20-20
40.0,66.7,69.57,14,4,40,0,Red,Ground Nuts,28-28
22.05,46.19,28.77,16,0,15,2,Clayey,Ground Nuts,28-28
21.47,45.29,43.45,10,21,14,2,Red,Pulses,DAP
29.63,72.87,59.15,8,11,28,0,Clayey,Paddy,Urea
27.71,43.77,39.93,37,3,3,1,Sandy,Paddy,14-35-14
36.11,61.24,27.61,14,4,35,0,Loamy,Cotton,20-20
31.32,51.5,37.24,25,0,20,2,Sandy,Millets,20-20
36.9,71.22,41.65,16,0,13,0,Loamy,Paddy,Urea
31.83,58.92,38.28,6,17,11,2,Clayey,Pulses,Urea
30.45,68.48,46.14,27,0,20,0,Black,Pulses,14-35-14
30.44,67.97,37.89,26,4,20,0,Sandy,Maize,28-28
24.51,62.55,65.83,13,4,5,2,Loamy,Pulses,Urea
35.42,55.91,25.75,12,4,37,0,Clayey,Paddy,28-28
37.03,73.51,35.21,11,3,36,0,Loamy,Tobacco,DAP
36.3,68.21,70.0,19,3,18,0,Red,Barley,17-17-17
32.11,71.86,56.34,8,0,11,0,Clayey,Barley,20-20
35.0,63.21,33.69,6,15,18,0,Red,Pulses,DAP
31.55,55.2,56.98,9,15,10,2,Clayey,Millets,17-17-17
24.36,56.1,54.7,15,0,13,2,Loamy,Millets,20-20
26.56,65.45,48.14,16,11,14,2,Sandy,Maize,20-20
24.51,56.51,46.82,6,13,23,2,Clayey,Wheat,17-17-17
29.22,49.26,33.55,35,0,0,1,Red,Wheat,28-28
24.25,57.38,30.23,21,1,18,2,Sandy,Paddy,10-26-26
35.64,52.08,40.4,19,0,27,0,Black,Wheat,14-35-14
32.73,73.02,33.9,8,0,36,0,Black,Paddy,14-35-14
32.84,62.04,32.05,15,0,13,0,Sandy,Sugarcane,17-17-17
32.73,60.24,44.34,18,0,22,0,Loamy,Wheat,Urea
24.53,62.02,27.22,5,6,27,2,Loamy,Paddy,20-20
28.35,53.72,56.15,9,11,10,2,Black,Ground Nuts,DAP
24.63,56.02,63.95,14,0,19,2,Red,Maize,DAP
30.12,52.36,33.8,28,0,19,2,Sandy,Barley,28-28
25.64,47.63,28.53,37,0,0,1,Loamy,Tobacco,Urea
31.25,67.15,42.57,45,4,1,1,Sandy,Tobacco,17-17-17
21.23,46.1,36.59,8,10,15,2,Black,Ground Nuts,14-35-14
37.53,67.28,40.79,27,0,23,0,Clayey,Maize,14-35-14
27.23,66.64,23.67,39,4,0,1,Loamy,Wheat,17-17-17
25.42,55.67,20.0,8,0,41,2,Loamy,Tobacco,Urea
31.16,64.16,61.68,8,17,14,0,Sandy,Cotton,Urea
32.69,67.2,30.23,9,0,38,0,Clayey,Barley,14-35-14
33.93,62.94,38.71,39,0,0,1,Red,Millets,14-35-14
27.0,58.9,67.14,10,0,10,2,Red,Paddy,Urea
31.63,59.15,26.89,38,1,2,1,Black,Paddy,14-35-14
35.41,68.17,53.47,38,0,4,1,Sandy,Wheat,10-26-26
29.51,55.64,28.32,16,0,33,2,Loamy,Tobacco,Urea
36.71,62.34,27.09,22,4,22,0,Red,Tobacco,Urea
25.51,63.32,68.32,4,12,33,2,Clayey,Maize,10-26-26
27.34,51.79,44.97,21,3,16,2,Black,Tobacco,14-35-14
30.29,48.59,52.49,20,2,24,2,Sandy,Pulses,DAP
27.54,61.78,69.59,10,10,29,2,Black,Oil seeds,DAP
36.47,68.04,31.14,15,0,34,0,Black,Barley,14-35-14
31.09,65.51,44.74,10,1,11,0,Black,Cotton,17-17-17
38.94,73.94,64.07,12,0,12,0,Red,Maize,17-17-17
24.96,46.72,36.73,25,0,23,2,Red,Sugarcane,DAP
30.45,58.6,50.65,7,0,17,2,Sandy,Barley,14-35-14
32.94,50.95,43.98,42,3,0,1,Sandy,Barley,DAP
36.61,57.83,47.58,26,1,22,0,Sandy,Barley,Urea
34.86,53.49,36.67,11,0,38,0,Loamy,Cotton,14-35-14
30.39,67.95,35.69,20,0,18,0,Sandy,Wheat,DAP
37.83,72.8,47.8,12,10,25,0,Sandy,Cotton,20-20
33.98,50.38,53.63,8,6,37,0,Sandy,Maize,17-17-17
28.84,58.91,33.06,8,9,28,2,Clayey,Millets,17-17-17
27.47,55.26,45.89,11,1,14,2,Sandy,Millets,14-35-14
24.32,56.99,61.02,32,2,1,1,Red,Oil seeds,14-35-14
26.86,46.9,28.95,11,14,32,2,Clayey,Wheat,10-26-26
38.61,69.3,41.21,39,3,0,1,Black,Paddy,20-20
26.41,56.89,37.25,31,0,2,1,Loamy,Oil seeds,17-17-17
37.86,59.26,33.3,17,0,14,0,Red,Oil seeds,20-20
28.92,72.65,58.39,3,7,25,0,Sandy,Tobacco,10-26-26
29.95,54.6,57.41,43,0,0,1,Loamy,Maize,28-28
30.48,61.31,44.39,22,0,15,0,Red,Millets,Urea
33.3,57.9,57.26,13,1,39,0,Black,Pulses,17-17-17
24.66,59.3,31.83,37,0,0,1,Clayey,Cotton,14-35-14
21.52,61.31,30.52,9,0,37,2,Loamy,Ground Nuts,14-35-14
32.94,65.59,37.37,24,0,20,0,Clayey,Maize,28-28
33.29,64.15,33.58,22,4,20,0,Loamy,Paddy,20-20
30.08,70.31,42.74,6,0,30,0,Sandy,Pulses,10-26-26
33.86,54.7,28.74,36,2,1,1,Sandy,Ground Nuts,17-17-17
29.37,58.44,44.49,28,0,21,1,Black,Sugarcane,10-26-26
28.82,53.07,33.55,2,23,13,2,Clayey,Barley,20-20
34.63,63.8,24.01,11,0,38,0,Black,Maize,Urea
37.59,56.26,44.68,42,2,4,1,Red,Tobacco,28-28
25.36,63.37,30.4,19,0,25,2,Black,Ground Nuts,14-35-14
29.83,64.29,45.68,16,0,13,0,Black,Sugarcane,20-20
28.91,63.15,33.04,9,3,41,0,Red,Pulses,17-17-17
30.0,60.0,61.0,8,10,31,0,Loamy,Cotton,14-35-14
29.74,67.3,55.7,41,3,4,1,Clayey,Barley,20-20
26.88,54.41,28.3,24,0,15,2,Clayey,Maize,10-26-26
34.12,58.21,42.94,11,2,39,0,Sandy,Pulses,10-26-26
33.65,54.44,47.34,20,0,20,0,Loamy,Pulses,28-28
27.56,59.15,37.01,32,0,1,1,Sandy,Pulses,28-28
20.45,45.71,55.91,40,0,0,1,Red,Tobacco,DAP
38.59,68.57,31.88,41,0,4,1,Loamy,Paddy,14-35-14
24.05,46.54,42.61,20,0,18,2,Black,Maize,Urea
25.83,42.5,60.32,7,3,5,2,Clayey,Cotton,28-28
38.59,58.32,22.54,12,6,32,0,Sandy,Cotton,DAP
26.71,55.75,70.0,13,0,35,2,Black,Ground Nuts,28-28
34.9,61.86,35.47,22,4,26,0,Clayey,Millets,20-20
31.01,65.29,49.37,11,17,10,0,Black,Tobacco,14-35-14
23.56,43.25,20.0,10,16,8,2,Black,Cotton,10-26-26
29.83,60.95,39.12,8,10,11,2,Clayey,Pulses,10-26-26
40.0,67.52,54.89,7,8,30,0,Clayey,Sugarcane,14-35-14
30.42,60.17,36.66,9,6,22,2,Clayey,Cotton,20-20
25.98,46.81,32.02,9,4,8,2,Loamy,Barley,17-17-17
25.86,40.37,58.67,10,3,14,2,Red,Tobacco,14-35-14
28.85,63.24,39.74,27,0,19,1,Red,Oil seeds,28-28
28.14,44.5,35.74,34,3,0,1,Red,Paddy,14-35-14
31.43,54.96,40.98,15,0,5,2,Sandy,Paddy,14-35-14
36.6,74.72,50.92,39,0,0,1,Sandy,Oil seeds,10-26-26
27.0,53.0,59.0,10,0,15,2,Loamy,Sugarcane,20-20
32.23,60.35,52.66,7,0,12,0,Black,Pulses,Urea
30.67,61.01,35.65,41,2,0,1,Clayey,Oil seeds,17-17-17
24.6,59.94,58.54,12,0,12,2,Black,Barley,17-17-17
34.32,72.1,42.27,11,0,10,0,Sandy,Ground Nuts,14-35-14
27.69,65.61,48.22,8,12,13,2,Red,Oil seeds,Urea
29.06,63.72,47.54,6,4,18,0,Loamy,Ground Nuts,DAP
32.22,48.92,28.62,11,1,34,2,Black,Sugarcane,DAP
34.68,58.89,27.43,39,1,0,1,Sandy,Pulses,28-28
24.48,64.32,40.94,11,0,12,2,Clayey,Ground Nuts,17-17-17
33.94,62.53,22.09,13,19,18,0,Black,Barley,DAP
31.78,65.4,52.23,18,0,42,0,Sandy,Ground Nuts,10-26-26
25.98,58.32,32.53,10,2,36,2,Black,Wheat,17-17-17
24.32,66.77,37.7,26,0,16,1,Black,Ground Nuts,20-20
24.32,64.62,26.9,5,5,26,2,Sandy,Barley,14-35-14
34.08,62.7,32.05,21,1,18,0,Black,Maize,DAP
30.26,44.92,59.46,9,1,17,2,Black,Cotton,14-35-14
32.97,79.08,28.62,9,4,41,0,Loamy,Millets,14-35-14
22.18,52.62,21.23,31,2,0,1,Sandy,Pulses,14-35-14
32.08,59.3,58.06,12,18,14,2,Red,Oil seeds,20-20
30.41,63.03,49.09,6,8,30,0,Clayey,Maize,10-26-26
26.7,49.6,42.38,45,0,0,1,Red,Paddy,17-17-17
27.79,67.17,27.0,33,3,0,1,Sandy,Ground Nuts,17-17-17
23.6,46.17,50.36,8,10,10,2,Red,Cotton,14-35-14
30.31,54.48,25.49,11,14,11,2,Loamy,Barley,28-28
31.78,66.16,38.27,23,0,22,0,Clayey,Maize,20-20
39.83,65.33,33.3,9,0,10,0,Sandy,Cotton,10-26-26
28.9,62.92,54.55,19,0,25,0,Clayey,Ground Nuts,10-26-26
30.58,53.33,39.94,14,1,16,2,Red,Cotton,28-28
40.0,75.94,27.02,13,3,18,0,Red,Oil seeds,14-35-14
30.64,57.57,46.45,12,4,13,2,Red,Wheat,20-20
36.75,59.8,37.97,21,0,23,0,Black,Sugarcane,17-17-17
29.13,46.65,36.41,5,12,19,2,Loamy,Ground Nuts,14-35-14
28.43,60.42,24.64,17,3,21,2,Red,Tobacco,DAP
21.7,60.92,26.89,11,12,21,2,Sandy,Ground Nuts,28-28
31.63,63.91,42.19,40,4,1,1,Red,Wheat,10-26-26
32.74,52.59,32.29,19,3,21,2,Sandy,Pulses,14-35-14
24.14,65.95,36.58,5,5,28,2,Red,Millets,DAP
34.31,58.35,30.92,43,0,1,1,Black,Millets,10-26-26
33.83,56.31,25.41,18,0,23,0,Sandy,Maize,20-20
31.21,63.59,39.81,24,2,32,0,Black,Sugarcane,17-17-17
25.55,68.75,42.0,23,0,17,2,Black,Oil seeds,10-26-26
32.23,65.73,36.41,13,0,11,0,Black,Pulses,10-26-26
35.97,56.77,47.57,5,15,21,0,Black,Maize,DAP
27.59,60.38,29.02,35,4,4,1,Clayey,Maize,17-17-17
28.06,44.09,58.46,10,10,16,2,Red,Tobacco,10-26-26
25.63,62.5,43.69,21,0,25,2,Loamy,Sugarcane,DAP
30.96,59.31,60.38,6,0,18,0,Sandy,Paddy,Urea
20.85,53.18,43.77,2,20,19,2,Loamy,Tobacco,Urea
35.08,66.89,59.2,39,3,0,1,Loamy,Maize,DAP
30.03,69.45,36.59,37,4,0,1,Sandy,Cotton,14-35-14
32.23,69.85,66.56,4,13,30,0,Black,Ground Nuts,Urea
25.69,57.09,46.14,13,2,36,2,Loamy,Tobacco,28-28
27.56,51.96,40.99,12,11,18,2,Sandy,Maize,17-17-17
34.35,63.85,55.26,36,0,1,1,Loamy,Sugarcane,DAP
27.14,62.52,23.61,37,0,3,1,Loamy,Paddy,14-35-14
29.49,43.74,32.44,22,0,20,2,Loamy,Sugarcane,DAP
34.6,52.97,41.6,12,3,41,0,Red,Wheat,14-35-14
33.77,70.96,30.96,8,0,10,0,Red,Maize,20-20
31.03,60.24,49.2,39,0,1,1,Sandy,Sugarcane,28-28
30.22,65.07,28.06,22,1,18,0,Red,Cotton,Urea
28.56,61.95,35.05,26,0,21,2,Red,Sugarcane,10-26-26
31.87,58.09,42.53,37,4,3,1,Black,Pulses,20-20
31.33,52.44,48.45,40,0,2,1,Black,Maize,DAP
24.02,45.09,67.89,37,1,2,1,Loamy,Tobacco,14-35-14
29.94,57.63,50.05,9,13,18,2,Loamy,Pulses,10-26-26
25.78,62.23,52.74,3,6,33,2,Clayey,Tobacco,Urea
28.11,45.22,66.38,14,3,19,2,Red,Maize,DAP
30.84,76.53,34.0,11,0,39,0,Loamy,Cotton,Urea
23.22,49.73,51.54,20,0,22,2,Clayey,Pulses,20-20
27.09,53.92,37.19,22,0,28,2,Loamy,Sugarcane,DAP
37.77,68.79,52.51,40,0,1,1,Black,Pulses,17-17-17
33.94,65.0,36.07,44,0,4,1,Red,Sugarcane,10-26-26
35.98,58.7,38.42,25,0,18,0,Red,Paddy,17-17-17
21.18,47.08,48.85,20,0,22,2,Sandy,Paddy,10-26-26
31.0,62.0,44.0,21,0,28,0,Sandy,Barley,28-28
31.59,67.65,56.8,7,3,42,0,Sandy,Oil seeds,Urea
34.78,55.26,29.66,9,0,38,0,Black,Ground Nuts,10-26-26
27.74,59.78,39.31,11,0,15,2,Black,Pulses,DAP
26.17,51.76,33.52,35,0,0,1,Loamy,Maize,14-35-14
24.7,51.98,27.12,8,15,19,2,Loamy,Tobacco,10-26-26
35.57,70.66,40.03,42,0,0,1,Black,Wheat,10-26-26
32.83,68.78,37.84,38,1,0,1,Sandy,Wheat,10-26-26
35.3,65.91,61.45,38,2,4,1,Black,Pulses,28-28
33.42,53.47,50.87,7,2,36,0,Sandy,Oil seeds,28-28
31.91,66.59,25.55,22,0,16,0,Loamy,Ground Nuts,28-28
26.75,58.1,39.27,19,0,20,2,Clayey,Maize,14-35-14
24.26,58.02,21.61,30,0,4,1,Black,Tobacco,10-26-26
21.87,46.4,37.57,16,1,19,2,Sandy,Paddy,28-28
31.98,58.87,58.24,18,0,33,0,Clayey,Barley,10-26-26
28.48,54.42,23.99,8,4,27,2,Red,Maize,20-20
28.0,54.0,37.0,36,0,0,1,Black,Millets,Urea
27.8,66.95,64.26,14,11,34,0,Clayey,Wheat,10-26-26
33.21,70.05,32.61,11,0,5,0,Loamy,Pulses,17-17-17
29.07,44.79,38.69,39,0,0,1,Black,Paddy,DAP
36.75,69.93,42.63,9,4,38,0,Sandy,Millets,Urea
24.19,50.1,34.02,15,0,40,2,Black,Pulses,28-28
36.42,75.12,46.56,14,2,37,0,Sandy,Ground Nuts,DAP
27.83,51.16,44.2,18,0,16,2,Clayey,Tobacco,17-17-17
25.94,50.12,26.04,36,0,0,1,Loamy,Sugarcane,10-26-26
34.92,71.93,35.76,14,0,37,0,Sandy,Oil seeds,14-35-14
31.53,71.99,36.06,5,22,25,0,Black,Wheat,Urea
32.48,57.76,51.82,21,4,16,0,Loamy,Oil seeds,17-17-17
29.55,59.76,58.15,12,0,12,2,Clayey,Wheat,14-35-14
33.99,62.76,44.95,26,4,21,0,Sandy,Ground Nuts,DAP
28.48,69.99,27.05,40,0,0,1,Black,Tobacco,DAP
25.45,45.61,41.12,0,17,19,2,Clayey,Maize,10-26-26
40.0,78.86,52.13,10,9,28,0,Clayey,Sugarcane,17-17-17
28.63,63.42,48.86,21,0,18,0,Sandy,Wheat,10-26-26
33.8,56.61,45.77,9,14,10,2,Red,Pulses,20-20
24.47,49.03,26.52,7,5,33,2,Clayey,Cotton,14-35-14
37.69,72.0,68.84,11,0,37,0,Sandy,Oil seeds,17-17-17
31.15,55.59,35.09,14,0,36,2,Red,Barley,14-35-14
24.58,62.8,66.11,9,0,9,2,Red,Sugarcane,14-35-14
35.83,76.88,66.33,13,0,40,0,Red,Sugarcane,14-35-14
28.46,47.43,43.66,34,0,0,1,Loamy,Maize,10-26-26
36.29,71.0,56.12,38,0,0,1,Black,Barley,DAP
37.44,60.97,52.15,4,12,31,0,Red,Wheat,17-17-17
31.06,53.58,33.37,9,4,30,2,Black,Sugarcane,Urea
34.57,63.31,53.18,8,22,23,0,Red,Millets,17-17-17
37.67,66.85,43.22,5,4,38,0,Clayey,Oil seeds,Urea
35.85,65.73,46.71,41,0,0,1,Clayey,Wheat,20-20
24.4,60.18,37.67,42,4,0,1,Black,Pulses,DAP
35.14,67.73,25.02,16,2,16,0,Red,Pulses,17-17-17
28.21,62.05,41.51,20,4,13,2,Clayey,Cotton,10-26-26
38.11,67.76,40.16,12,0,45,0,Loamy,Tobacco,14-35-14
24.5,53.2,40.47,6,18,18,2,Sandy,Sugarcane,DAP
29.65,57.73,44.42,13,0,11,2,Loamy,Cotton,28-28
35.86,71.33,44.81,42,1,2,1,Sandy,Millets,10-26-26
38.47,62.64,70.0,22,2,18,0,Clayey,Cotton,14-35-14
28.0,54.0,35.0,41,0,0,1,Black,Millets,Urea
28.09,56.62,36.14,10,0,34,2,Loamy,Ground Nuts,20-20
31.14,60.35,52.46,14,0,11,0,Sandy,Sugarcane,20-20
25.14,48.37,28.64,8,6,14,2,Black,Millets,14-35-14
26.0,52.0,36.0,14,0,13,2,Clayey,Pulses,20-20
34.81,71.07,65.13,9,8,19,0,Sandy,Barley,20-20
22.06,52.67,39.56,35,0,0,1,Clayey,Maize,Urea
23.04,47.21,40.69,10,0,11,2,Red,Barley,Urea
26.49,47.78,41.66,34,0,4,1,Black,Paddy,17-17-17
25.96,52.8,57.24,18,0,21,2,Red,Wheat,17-17-17
33.33,61.68,36.85,22,0,26,0,Loamy,Paddy,14-35-14
34.0,65.0,38.0,39,0,0,1,Clayey,Paddy,Urea
30.25,60.34,33.5,27,1,28,0,Sandy,Barley,20-20
27.8,61.15,38.19,16,0,40,2,Black,Tobacco,14-35-14
22.15,57.99,69.1,40,1,0,1,Red,Millets,14-35-14
26.0,52.0,32.0,12,0,8,2,Black,Oil seeds,20-20
27.49,63.32,26.02,13,0,38,2,Red,Pulses,Urea
29.89,48.59,38.0,26,0,21,2,Clayey,Pulses,28-28
35.82,64.69,38.55,7,16,23,0,Red,Paddy,10-26-26
36.07,67.14,27.42,35,1,0,1,Clayey,Oil seeds,Urea
27.19,46.21,27.99,28,0,16,2,Loamy,Sugarcane,14-35-14
32.61,63.84,45.4,21,2,14,0,Black,Sugarcane,10-26-26
40.0,66.19,57.22,40,0,0,1,Sandy,Paddy,14-35-14
32.88,53.21,20.0,4,9,25,2,Black,Paddy,17-17-17
28.03,64.04,30.17,9,0,15,2,Loamy,Maize,28-28
22.5,51.88,36.58,41,0,2,1,Loamy,Millets,10-26-26
29.62,47.21,39.21,38,0,0,1,Black,Cotton,Urea
27.12,57.97,29.2,36,0,0,1,Red,Barley,17-17-17
35.18,74.73,62.57,24,0,19,0,Red,Tobacco,20-20
37.8,71.38,52.18,13,11,8,0,Red,Oil seeds,Urea
26.11,59.94,70.0,41,0,0,1,Loamy,Oil seeds,DAP
25.23,48.9,32.37,35,0,1,1,Clayey,Paddy,20-20
31.74,56.28,31.1,37,0,0,1,Red,Sugarcane,14-35-14
31.86,51.97,62.52,5,11,33,2,Black,Tobacco,28-28
26.93,61.89,55.88,8,11,13,2,Loamy,Wheat,20-20
28.62,60.33,42.04,12,0,12,2,Sandy,Wheat,20-20
30.72,58.16,47.3,21,0,19,2,Red,Wheat,Urea
36.7,63.11,43.54,34,4,2,1,Loamy,Oil seeds,20-20
33.94,63.51,41.89,22,1,18,0,Loamy,Barley,17-17-17
37.3,68.57,44.84,5,4,34,0,Black,Pulses,DAP
29.95,58.03,46.12,18,0,19,2,Loamy,Tobacco,20-20
30.54,67.81,51.69,34,0,0,1,Clayey,Maize,Urea
33.19,66.17,37.08,19,1,37,0,Black,Barley,DAP
25.5,52.83,32.4,16,11,12,2,Black,Maize,20-20
25.5,53.43,42.85,5,10,31,2,Red,Tobacco,17-17-17
27.33,52.91,29.81,16,4,40,2,Loamy,Maize,Urea
36.12,65.18,32.53,19,1,20,0,Sandy,Wheat,17-17-17
30.42,70.37,55.92,2,5,25,0,Red,Wheat,17-17-17
37.77,55.25,50.88,12,0,16,0,Sandy,Millets,Urea
31.01,70.62,28.39,25,0,21,0,Sandy,Pulses,DAP
31.0,51.8,44.91,15,2,12,2,Sandy,Sugarcane,20-20
32.31,64.95,55.13,16,0,10,0,Sandy,Cotton,20-20
29.55,66.21,41.21,45,1,4,1,Clayey,Millets,17-17-17
29.13,72.87,40.38,9,15,19,0,Black,Sugarcane,Urea
38.93,72.2,68.8,16,4,36,0,Red,Tobacco,Urea
30.57,47.43,58.26,11,0,8,2,Sandy,Ground Nuts,20-20
30.69,60.36,64.89,7,9,32,0,Loamy,Barley,17-17-17
29.28,50.3,33.27,30,0,2,1,Clayey,Maize,20-20
23.7,42.61,38.64,7,0,8,2,Black,Pulses,17-17-17
23.25,48.93,24.15,39,0,0,1,Black,Oil seeds,Urea
28.0,58.95,32.66,19,0,33,2,Red,Pulses,17-17-17
30.44,50.67,28.24,14,0,36,2,Clayey,Barley,10-26-26
27.58,64.59,62.12,14,1,34,0,Sandy,Cotton,20-20
24.61,49.42,45.94,39,4,4,1,Black,Millets,20-20
34.22,56.39,49.89,25,0,19,0,Red,Pulses,14-35-14
24.13,65.79,35.41,14,0,36,2,Red,Wheat,Urea
31.49,60.18,54.84,9,0,36,0,Black,Cotton,DAP
21.46,49.42,45.96,27,0,19,2,Sandy,Cotton,Urea
36.49,58.68,47.81,42,2,2,1,Clayey,Cotton,DAP
36.08,74.86,38.71,8,20,21,0,Red,Wheat,10-26-26
26.58,70.19,43.73,10,14,14,2,Sandy,Ground Nuts,17-17-17
38.32,63.67,32.08,8,0,34,0,Red,Oil seeds,20-20
31.15,58.86,38.45,20,3,25,0,Black,Wheat,17-17-17
35.93,65.09,36.26,13,2,36,0,Red,Sugarcane,14-35-14
31.2,70.18,40.98,10,14,13,0,Loamy,Tobacco,10-26-26
25.04,63.36,32.13,42,1,0,1,Red,Paddy,10-26-26
32.22,60.78,34.61,6,11,31,0,Red,Sugarcane,17-17-17
32.17,47.61,35.09,44,0,0,1,Clayey,Tobacco,10-26-26
25.96,57.58,55.01,15,0,41,2,Black,Paddy,14-35-14
34.1,59.07,37.26,21,0,26,0,Red,Paddy,14-35-14
30.48,47.8,70.0,40,2,0,1,Loamy,Paddy,28-28
29.97,50.7,36.33,23,0,21,2,Clayey,Wheat,17-17-17
27.72,64.68,48.14,16,2,6,2,Clayey,Paddy,28-28
28.28,64.37,33.6,28,0,22,1,Black,Wheat,20-20
33.49,64.59,37.02,20,3,19,0,Loamy,Cotton,20-20
22.68,57.34,70.0,39,0,1,1,Sandy,Oil seeds,14-35-14
38.54,57.01,49.61,26,0,22,0,Black,Millets,17-17-17
27.44,55.75,27.49,39,0,0,1,Red,Pulses,DAP
31.65,52.45,40.07,23,0,20,2,Sandy,Oil seeds,28-28
30.33,52.42,35.68,22,0,13,2,Sandy,Wheat,DAP
34.2,76.61,35.31,10,5,32,0,Sandy,Sugarcane,20-20
29.17,47.64,58.77,38,4,0,1,Clayey,Oil seeds,DAP
22.93,53.13,31.62,35,0,0,1,Red,Wheat,Urea
38.22,70.27,63.95,24,0,19,0,Black,Ground Nuts,14-35-14
27.93,64.17,62.13,7,0,6,2,Black,Pulses,20-20
30.43,55.84,34.76,15,0,36,2,Sandy,Paddy,20-20
39.33,59.27,40.62,17,0,43,0,Clayey,Wheat,10-26-26
26.97,51.24,63.49,36,4,0,1,Loamy,Cotton,Urea
34.98,64.48,51.57,12,0,37,0,Clayey,Tobacco,14-35-14
35.25,65.6,41.85,45,0,0,1,Red,Cotton,28-28
21.05,45.03,70.0,31,4,0,1,Red,Cotton,20-20
31.18,72.57,46.74,9,7,27,0,Loamy,Maize,14-35-14
20.36,57.92,61.02,37,0,0,1,Clayey,Pulses,10-26-26
36.38,71.89,48.76,10,2,10,0,Red,Ground Nuts,14-35-14
24.76,56.88,20.0,9,0,36,2,Clayey,Oil seeds,10-26-26
25.23,42.61,57.32,13,0,12,2,Clayey,Cotton,17-17-17
27.06,60.94,22.59,9,0,11,2,Black,Millets,Urea
26.0,52.0,44.0,23,0,20,2,Sandy,Maize,28-28
30.81,62.99,28.49,10,1,11,2,Sandy,Ground Nuts,Urea
36.62,59.89,60.47,32,0,2,1,Clayey,Millets,DAP
23.58,57.41,25.05,34,0,0,1,Red,Paddy,14-35-14
36.61,59.51,61.5,18,4,40,0,Black,Maize,20-20
20.25,57.16,58.47,10,13,13,2,Sandy,Maize,28-28
36.64,64.68,42.16,33,0,4,1,Black,Wheat,Urea
25.24,43.61,39.67,2,22,14,2,Loamy,Ground Nuts,14-35-14
31.33,55.22,24.37,12,0,35,2,Sandy,Cotton,Urea
35.87,54.52,43.39,17,3,37,0,Loamy,Pulses,Urea
34.35,68.28,37.3,45,0,2,1,Loamy,Wheat,20-20
30.69,59.81,37.29,21,0,23,0,Loamy,Oil seeds,Urea
30.09,68.74,68.71,30,4,0,1,Red,Paddy,DAP
32.92,56.58,28.5,2,14,21,2,Loamy,Barley,28-28
30.26,62.97,59.02,9,0,40,0,Loamy,Sugarcane,17-17-17
27.33,58.15,22.18,35,3,3,1,Black,Paddy,20-20
35.64,69.14,49.98,1,4,32,0,Black,Cotton,28-28
31.94,71.92,36.07,11,0,43,0,Black,Maize,17-17-17
31.2,50.23,55.54,6,0,19,2,Loamy,Pulses,10-26-26
26.86,63.11,40.03,7,0,15,2,Red,Wheat,10-26-26
27.1,61.29,41.14,28,3,16,1,Sandy,Tobacco,10-26-26
37.19,61.38,49.57,7,12,28,0,Clayey,Maize,17-17-17
32.6,70.04,38.74,45,1,3,1,Black,Oil seeds,14-35-14
30.72,67.49,51.07,11,1,39,0,Red,Pulses,17-17-17
33.97,49.49,35.62,12,0,13,2,Clayey,Maize,14-35-14
29.12,54.86,42.44,24,4,15,2,Loamy,Maize,28-28
34.91,53.17,64.9,15,13,15,0,Sandy,Paddy,DAP
32.27,66.39,44.16,6,4,14,0,Loamy,Oil seeds,17-17-17
29.77,63.41,50.3,16,0,7,0,Black,Millets,17-17-17
25.4,59.23,35.65,38,1,0,1,Clayey,Paddy,20-20
29.44,59.33,21.43,12,1,36,2,Red,Cotton,14-35-14
29.93,59.1,20.39,9,18,20,2,Sandy,Wheat,17-17-17
32.03,62.83,20.0,13,9,25,0,Black,Paddy,14-35-14
31.77,46.28,45.72,35,1,0,1,Red,Cotton,17-17-17
29.87,63.64,61.4,15,16,10,2,Black,Wheat,20-20
29.72,63.99,28.27,10,0,38,0,Loamy,Millets,20-20
28.04,57.31,37.69,40,3,2,1,Clayey,Maize,Urea
38.38,65.51,46.26,9,18,17,0,Black,Maize,28-28
29.94,54.58,36.36,20,2,20,2,Sandy,Cotton,10-26-26
30.7,65.78,39.17,23,4,17,0,Red,Barley,Urea
33.1,52.18,63.48,6,5,33,0,Red,Wheat,20-20
28.29,57.33,52.55,26,0,22,2,Clayey,Cotton,28-28
28.89,66.42,61.74,18,1,34,0,Red,Wheat,DAP
25.64,55.98,37.32,27,0,19,2,Red,Maize,14-35-14
29.17,43.7,41.77,13,7,9,2,Loamy,Cotton,DAP
29.76,45.13,30.91,35,2,0,1,Red,Cotton,DAP
27.16,59.89,53.85,13,0,33,2,Black,Millets,DAP
24.63,50.31,63.27,36,0,0,1,Sandy,Sugarcane,17-17-17
28.4,57.3,49.24,8,17,10,2,Clayey,Sugarcane,DAP
34.71,54.61,40.22,14,4,4,2,Clayey,Sugarcane,DAP
27.87,59.72,43.57,8,0,34,2,Loamy,Barley,DAP
23.94,60.79,50.62,2,17,13,2,Red,Sugarcane,20-20
26.61,43.26,46.1,21,1,23,2,Clayey,Cotton,20-20
31.83,62.84,55.56,9,15,15,0,Black,Cotton,14-35-14
32.98,67.67,45.92,25,3,21,0,Loamy,Barley,14-35-14
34.98,76.76,43.81,35,3,0,1,Loamy,Barley,DAP
30.03,48.19,41.44,11,0,9,2,Black,Pulses,17-17-17
32.31,67.96,62.73,16,0,33,0,Clayey,Barley,10-26-26
32.01,56.9,39.16,17,13,14,2,Red,Sugarcane,20-20
35.64,78.63,32.96,16,0,41,0,Loamy,Ground Nuts,DAP
33.64,72.94,60.39,5,0,13,0,Sandy,Ground Nuts,10-26-26
37.01,72.38,44.71,8,0,13,0,Sandy,Oil seeds,DAP
34.9,57.7,66.08,34,0,0,1,Red,Wheat,17-17-17
38.51,72.73,54.65,39,0,3,1,Sandy,Paddy,14-35-14
26.69,44.45,20.92,15,0,13,2,Sandy,Oil seeds,28-28
28.82,48.22,36.64,34,3,0,1,Loamy,Tobacco,Urea
33.72,57.94,36.36,16,0,38,0,Black,Oil seeds,DAP
24.06,59.62,70.0,17,0,32,2,Red,Sugarcane,10-26-26
33.39,62.88,58.59,14,4,28,0,Red,Oil seeds,10-26-26
35.26,53.82,24.93,21,2,19,0,Red,Ground Nuts,Urea
34.53,50.02,31.27,8,3,35,2,Red,Oil seeds,17-17-17
38.66,60.15,57.58,38,0,3,1,Sandy,Millets,DAP
34.05,70.64,40.72,21,0,21,0,Clayey,Cotton,20-20
27.37,52.05,37.96,24,0,20,2,Clayey,Maize,28-28
29.43,47.7,32.19,17,3,23,2,Clayey,Millets,28-28
25.91,61.37,35.85,37,0,0,1,Black,Ground Nuts,20-20
28.84,67.18,30.09,8,0,18,0,Sandy,Maize,20-20
36.31,73.36,38.36,14,0,37,0,Red,Oil seeds,10-26-26
23.62,47.19,34.46,15,1,42,2,Loamy,Pulses,DAP
30.75,53.95,62.15,16,4,6,2,Loamy,Wheat,10-26-26
32.14,71.89,41.21,9,9,17,0,Loamy,Pulses,14-35-14
28.72,60.25,48.31,17,12,15,2,Black,Wheat,10-26-26
27.51,61.71,32.46,32,2,0,1,Clayey,Wheat,10-26-26
27.9,50.42,39.03,6,4,15,2,Sandy,Barley,DAP
38.42,58.28,58.78,10,18,15,0,Loamy,Ground Nuts,Urea
30.61,66.36,42.09,8,22,18,0,Red,Barley,DAP
35.47,67.7,66.68,13,0,13,0,Sandy,Cotton,DAP
26.41,63.86,29.03,5,5,34,2,Loamy,Wheat,28-28
37.17,73.45,62.33,9,1,41,0,Black,Millets,28-28
30.77,55.44,46.67,1,5,32,2,Clayey,Paddy,28-28
25.36,50.91,24.39,13,0,10,2,Loamy,Wheat,20-20
25.61,56.5,60.49,13,0,40,2,Loamy,Ground Nuts,10-26-26
33.04,65.19,50.69,26,1,16,0,Sandy,Maize,DAP
27.52,45.64,50.85,24,3,19,2,Black,Wheat,17-17-17
34.79,61.91,46.9,38,2,0,1,Clayey,Wheat,10-26-26
30.7,55.96,30.0,34,0,0,1,Black,Millets,20-20
22.56,53.06,45.6,32,1,4,1,Loamy,Tobacco,14-35-14
30.46,58.56,39.96,38,1,4,1,Sandy,Tobacco,20-20
34.32,64.31,36.15,10,4,29,0,Clayey,Maize,14-35-14
30.92,61.79,43.07,10,9,17,2,Clayey,Oil seeds,10-26-26
32.58,72.75,56.62,26,0,19,0,Red,Cotton,20-20
40.0,62.24,42.28,14,1,18,0,Loamy,Pulses,14-35-14
28.37,47.22,31.59,38,0,1,1,Sandy,Ground Nuts,10-26-26
31.23,47.26,33.63,16,1,43,2,Sandy,Wheat,14-35-14
38.64,74.69,33.53,14,3,16,0,Sandy,Sugarcane,Urea
32.64,64.3,55.06,27,0,21,0,Red,Millets,20-20
32.93,59.84,31.68,12,0,34,0,Loamy,Pulses,28-28
36.93,64.85,47.1,38,3,3,1,Red,Oil seeds,14-35-14
32.82,72.68,67.27,16,2,35,0,Red,Cotton,14-35-14
33.79,70.29,36.68,20,0,22,0,Black,Wheat,28-28
25.96,58.08,31.11,15,3,38,2,Red,Sugarcane,DAP
28.13,51.6,58.09,11,2,38,2,Clayey,Tobacco,14-35-14
29.16,73.34,64.41,10,11,27,0,Black,Oil seeds,14-35-14
29.93,43.29,48.86,11,0,38,2,Black,Barley,Urea
27.9,57.2,31.87,15,0,34,2,Clayey,Pulses,DAP
35.39,55.43,61.72,18,0,38,0,Red,Oil seeds,14-35-14
36.75,61.32,50.32,23,0,18,0,Clayey,Ground Nuts,28-28
28.01,54.25,39.67,23,4,14,2,Red,Maize,28-28
27.57,58.96,56.6,13,3,39,2,Red,Wheat,DAP
30.81,58.48,41.17,26,0,17,1,Clayey,Tobacco,20-20
27.17,58.43,70.0,5,5,26,2,Clayey,Cotton,14-35-14
39.7,65.03,33.95,11,2,34,0,Red,Oil seeds,DAP
21.99,47.5,60.36,35,0,3,1,Black,Wheat,DAP
35.0,71.76,41.14,13,4,39,0,Clayey,Tobacco,28-28
40.0,61.51,32.66,10,2,44,0,Sandy,Paddy,14-35-14
27.18,59.42,53.2,12,11,26,2,Clayey,Pulses,Urea
32.28,51.98,66.27,10,7,29,2,Red,Barley,28-28
38.11,69.4,54.47,23,0,23,0,Black,Wheat,14-35-14
33.6,59.48,46.26,17,14,15,0,Sandy,Sugarcane,Urea
26.73,44.52,40.8,8,0,31,2,Clayey,Paddy,14-35-14
33.25,69.66,51.62,36,0,4,1,Sandy,Maize,Urea
30.74,57.16,66.9,38,0,3,1,Sandy,Sugarcane,20-20
27.59,52.68,22.3,16,1,43,2,Black,Tobacco,17-17-17
28.02,43.47,37.43,33,0,2,1,Black,Sugarcane,28-28
31.29,59.62,56.81,14,8,9,2,Sandy,Oil seeds,17-17-17
29.07,56.03,37.1,9,4,33,2,Red,Tobacco,17-17-17
27.22,49.1,27.15,2,11,21,2,Clayey,Oil seeds,28-28
23.83,52.78,20.0,4,14,34,2,Black,Pulses,20-20
34.23,53.35,37.66,5,0,11,2,Clayey,Paddy,28-28
33.78,59.21,54.84,24,2,14,0,Black,Wheat,Urea
36.84,69.25,34.94,16,4,18,0,Clayey,Sugarcane,10-26-26
28.59,69.18,24.11,34,3,0,1,Red,Ground Nuts,20-20
33.95,61.0,45.29,18,3,17,0,Clayey,Maize,17-17-17
33.82,74.87,62.48,7,17,9,0,Black,Ground Nuts,DAP
32.58,58.58,34.16,18,2,18,0,Loamy,Maize,17-17-17
36.0,59.46,52.35,9,13,10,0,Clayey,Wheat,28-28
29.57,61.19,62.88,11,0,11,2,Black,Paddy,14-35-14
23.71,51.25,30.5,11,0,8,2,Black,Oil seeds,17-17-17
32.37,57.03,65.34,34,1,2,1,Loamy,Paddy,28-28
29.25,61.4,40.97,4,0,10,2,Sandy,Pulses,DAP
34.96,62.17,32.1,28,4,25,0,Clayey,Barley,28-28
39.1,61.36,46.18,9,0,44,0,Sandy,Cotton,DAP
35.47,68.72,41.38,22,0,23,0,Sandy,Ground Nuts,20-20
30.85,62.67,70.0,37,3,4,1,Loamy,Maize,28-28
27.71,67.71,47.17,8,9,15,2,Loamy,Pulses,10-26-26
39.77,60.41,50.77,6,4,34,0,Sandy,Wheat,Urea
25.77,47.79,44.15,33,4,0,1,Sandy,Maize,17-17-17
27.86,50.22,35.4,32,0,0,1,Red,Pulses,20-20
32.41,67.07,32.33,12,0,6,0,Loamy,Barley,Urea
28.74,50.71,37.75,18,1,19,2,Loamy,Tobacco,20-20
30.83,64.19,23.01,8,2,27,0,Clayey,Pulses,Urea
35.01,69.3,40.11,25,0,32,0,Sandy,Sugarcane,DAP
20.52,53.81,70.0,7,4,9,2,Black,Sugarcane,14-35-14
32.55,63.72,35.8,16,4,40,0,Sandy,Barley,DAP
30.04,49.89,37.17,33,0,4,1,Red,Millets,10-26-26
27.2,62.82,65.08,10,0,39,0,Clayey,Maize,Urea
28.56,43.97,24.88,10,11,8,2,Loamy,Tobacco,17-17-17
32.59,60.47,55.36,19,0,20,0,Black,Tobacco,20-20
30.72,58.49,48.86,14,2,29,0,Red,Millets,28-28
37.9,75.51,25.35,11,0,35,0,Clayey,Ground Nuts,DAP
29.6,54.82,64.66,36,0,0,1,Red,Maize,20-20
27.86,58.24,49.66,14,2,18,2,Red,Barley,Urea
37.81,73.97,40.95,13,2,36,0,Black,Maize,17-17-17
26.5,52.28,28.61,7,20,18,2,Sandy,Ground Nuts,Urea
28.16,49.51,36.1,32,3,1,1,Sandy,Ground Nuts,10-26-26
24.04,48.68,40.49,7,4,31,2,Sandy,Tobacco,20-20
21.14,58.75,31.2,14,0,13,2,Loamy,Maize,DAP
26.0,46.7,35.76,19,0,21,2,Clayey,Wheat,20-20
33.95,62.48,20.64,5,12,19,0,Black,Pulses,17-17-17
30.57,62.75,27.2,7,11,31,0,Sandy,Ground Nuts,DAP
30.4,73.93,50.87,11,2,37,0,Clayey,Cotton,DAP
32.89,59.55,40.12,41,0,0,1,Sandy,Paddy,28-28
31.68,62.14,42.55,17,0,31,0,Black,Sugarcane,17-17-17
22.64,49.3,30.33,9,4,12,2,Black,Paddy,Urea
22.93,58.97,53.96,6,0,10,2,Black,Sugarcane,Urea
33.0,59.14,48.43,3,8,31,0,Black,Tobacco,14-35-14
28.72,54.05,46.87,6,13,26,2,Sandy,Wheat,17-17-17
26.12,46.35,49.55,0,22,14,2,Loamy,Oil seeds,Urea
38.8,64.99,64.53,17,3,41,0,Loamy,Maize,28-28
30.69,58.35,21.33,4,9,27,2,Black,Ground Nuts,17-17-17
35.18,73.86,61.58,12,0,14,0,Black,Cotton,17-17-17
25.04,55.53,45.1,10,2,12,2,Loamy,Tobacco,14-35-14
40.0,65.25,38.68,8,0,42,0,Black,Pulses,Urea
37.0,70.38,34.26,18,0,15,0,Loamy,Pulses,Urea
33.22,60.99,43.26,37,0,3,1,Red,Oil seeds,Urea
33.11,79.52,30.26,14,0,40,0,Black,Ground Nuts,10-26-26
26.23,55.01,32.74,13,0,13,2,Loamy,Tobacco,20-20
27.06,57.03,60.52,11,11,29,2,Loamy,Maize,17-17-17
30.57,73.76,66.01,18,0,39,0,Loamy,Oil seeds,17-17-17
28.1,43.56,59.25,13,16,19,2,Black,Barley,28-28
23.86,56.94,45.96,17,4,10,2,Black,Paddy,14-35-14
30.48,64.68,49.42,19,2,18,0,Red,Oil seeds,Urea
36.05,70.84,30.08,22,4,16,0,Black,Barley,14-35-14
23.05,52.61,60.11,31,0,3,1,Black,Tobacco,28-28
37.91,67.79,65.15,14,2,42,0,Loamy,Ground Nuts,17-17-17
27.21,64.76,57.04,7,13,30,2,Loamy,Millets,17-17-17
30.64,58.08,26.84,43,0,2,1,Loamy,Tobacco,20-20
26.81,58.78,49.15,14,2,10,2,Clayey,Oil seeds,28-28
24.29,50.63,39.13,25,0,24,2,Red,Wheat,20-20
31.07,64.86,38.05,17,0,26,0,Loamy,Wheat,20-20
37.95,68.37,55.82,37,4,0,1,Loamy,Pulses,14-35-14
33.2,73.6,53.85,21,0,19,0,Sandy,Sugarcane,20-20
35.08,73.75,41.25,9,0,36,0,Sandy,Sugarcane,14-35-14
30.13,72.21,35.94,39,3,0,1,Red,Ground Nuts,14-35-14
29.0,56.76,20.0,12,0,39,2,Sandy,Cotton,Urea
29.18,54.42,35.54,3,0,17,2,Loamy,Pulses,17-17-17
32.42,57.29,59.35,36,0,0,1,Red,Maize,10-26-26
31.21,60.48,37.27,36,0,1,1,Clayey,Oil seeds,14-35-14
39.05,67.42,25.24,7,1,32,0,Black,Millets,10-26-26
28.55,43.74,27.1,36,4,0,1,Clayey,Barley,20-20
30.73,70.83,42.3,11,1,12,0,Clayey,Wheat,28-28
25.06,44.32,54.22,5,22,15,2,Black,Tobacco,14-35-14
40.0,71.51,47.58,10,11,29,0,Clayey,Cotton,10-26-26
30.64,61.94,52.25,14,13,9,2,Red,Pulses,20-20
25.8,52.64,23.15,10,2,41,2,Clayey,Cotton,14-35-14
27.77,59.49,32.14,5,17,21,2,Clayey,Wheat,20-20
34.01,50.12,30.27,12,4,9,2,Loamy,Tobacco,DAP
25.4,41.92,64.16,11,3,11,2,Clayey,Cotton,28-28
25.6,52.6,54.46,13,0,13,2,Red,Maize,Urea
27.95,52.18,27.86,41,1,0,1,Red,Paddy,28-28
30.3,45.03,57.51,12,3,13,2,Loamy,Sugarcane,17-17-17
35.88,60.02,54.82,8,11,25,0,Clayey,Paddy,10-26-26
27.83,49.73,58.42,10,0,9,2,Clayey,Millets,28-28
30.34,57.74,34.86,16,0,42,0,Red,Millets,DAP
39.82,70.94,30.3,8,3,30,0,Loamy,Pulses,28-28
36.29,68.59,62.11,37,0,0,1,Sandy,Pulses,14-35-14
22.39,61.19,37.56,21,4,21,2,Black,Millets,14-35-14
31.19,71.44,46.39,9,12,17,0,Loamy,Maize,17-17-17
39.45,64.39,43.62,16,3,42,0,Clayey,Sugarcane,14-35-14
26.97,61.39,69.28,36,0,2,1,Clayey,Tobacco,14-35-14
38.32,66.46,54.06,13,13,13,0,Clayey,Barley,17-17-17
36.99,61.66,67.74,2,7,27,0,Sandy,Sugarcane,Urea
37.86,58.44,55.05,7,14,13,0,Red,Oil seeds,10-26-26
33.04,52.36,53.11,13,2,8,2,Red,Oil seeds,28-28
25.62,54.23,41.6,6,4,9,2,Red,Sugarcane,28-28
29.86,65.84,66.44,2,13,34,0,Red,Barley,28-28
28.21,60.33,34.58,42,2,0,1,Clayey,Ground Nuts,20-20
25.37,57.8,41.73,5,16,23,2,Black,Millets,Urea
31.61,61.28,70.0,9,13,32,0,Black,Tobacco,14-35-14
24.51,59.05,23.15,11,21,15,2,Clayey,Cotton,28-28
30.56,55.9,40.77,14,0,5,2,Clayey,Oil seeds,DAP
26.89,61.88,49.27,33,0,0,1,Black,Cotton,Urea
31.14,73.75,31.4,11,3,17,0,Clayey,Sugarcane,10-26-26
37.81,64.17,31.59,39,2,4,1,Sandy,Paddy,Urea
24.85,59.37,45.95,16,0,21,2,Loamy,Oil seeds,20-20
21.54,43.75,56.74,7,0,7,2,Clayey,Wheat,10-26-26
23.98,55.96,30.85,7,19,11,2,Red,Wheat,Urea
27.04,53.79,60.68,10,12,31,2,Black,Millets,DAP
33.57,60.78,51.96,16,0,37,0,Red,Paddy,10-26-26
31.18,62.75,47.87,24,0,19,0,Black,Wheat,10-26-26
29.55,56.78,47.37,40,0,4,1,Clayey,Wheat,17-17-17
32.76,50.9,22.0,9,20,17,2,Red,Cotton,14-35-14
37.98,57.42,48.64,4,0,8,0,Loamy,Pulses,10-26-26
28.24,40.02,40.05,1,17,15,2,Red,Pulses,20-20
30.82,55.95,70.0,40,0,1,1,Loamy,Wheat,10-26-26
34.59,64.16,61.6,40,2,1,1,Sandy,Ground Nuts,20-20
40.0,64.71,57.07,6,12,25,0,Clayey,Pulses,17-17-17
38.05,77.16,42.34,11,0,36,0,Clayey,Paddy,14-35-14
23.14,53.52,59.52,38,0,1,1,Red,Barley,DAP
35.18,71.74,59.5,7,0,14,0,Black,Ground Nuts,10-26-26
30.44,62.39,67.03,22,2,19,0,Black,Pulses,17-17-17
37.1,64.48,57.39,8,18,15,0,Loamy,Millets,20-20
37.34,56.16,66.28,9,4,17,0,Loamy,Ground Nuts,DAP
31.1,68.24,34.24,14,0,12,0,Red,Millets,28-28
29.02,55.34,29.32,17,21,18,2,Red,Wheat,20-20
24.37,42.57,25.32,12,2,6,2,Red,Millets,17-17-17
20.18,41.05,47.98,25,0,21,2,Red,Sugarcane,17-17-17
35.82,70.09,65.76,26,0,19,0,Red,Cotton,DAP
25.53,66.09,52.38,26,3,21,2,Sandy,Barley,Urea
32.93,56.53,28.8,11,8,27,2,Clayey,Maize,17-17-17
30.05,52.42,36.56,8,1,10,2,Clayey,Ground Nuts,17-17-17
21.61,58.34,25.13,17,18,10,2,Clayey,Maize,17-17-17
33.49,54.24,25.15,34,2,0,1,Black,Pulses,10-26-26
31.39,61.78,70.0,14,15,12,0,Red,Maize,10-26-26
28.08,63.94,40.47,26,2,16,1,Red,Pulses,Urea
27.56,67.78,36.61,10,11,28,0,Red,Millets,10-26-26
21.07,61.79,38.38,9,8,10,2,Clayey,Ground Nuts,17-17-17
36.46,63.12,40.28,34,2,4,1,Black,Pulses,Urea
35.06,63.37,43.28,8,12,27,0,Sandy,Cotton,17-17-17
26.62,66.89,62.01,16,3,9,2,Red,Oil seeds,Urea
35.01,60.31,41.09,5,19,19,0,Loamy,Cotton,20-20
35.86,55.82,52.48,20,4,29,0,Red,Wheat,17-17-17
30.3,53.26,50.53,5,6,30,2,Black,Maize,28-28
24.26,47.47,41.47,33,0,0,1,Red,Barley,14-35-14
33.91,50.88,53.37,5,3,32,0,Red,Paddy,Urea
23.59,54.55,43.39,40,1,4,1,Sandy,Ground Nuts,DAP
37.05,73.86,31.98,9,0,38,0,Black,Millets,DAP
26.6,45.91,28.97,37,2,2,1,Red,Pulses,14-35-14
34.72,64.79,24.84,24,1,16,0,Clayey,Maize,20-20
31.26,67.75,26.57,23,2,22,0,Black,Barley,Urea
29.88,64.22,20.0,7,7,32,0,Clayey,Oil seeds,14-35-14
25.5,62.18,34.93,5,7,29,2,Black,Oil seeds,14-35-14
32.87,59.11,59.71,10,0,14,0,Clayey,Sugarcane,Urea
32.53,59.45,20.16,9,15,16,2,Loamy,Cotton,17-17-17
25.68,50.02,55.22,8,2,8,2,Black,Millets,DAP
31.55,50.78,32.59,34,4,0,1,Loamy,Paddy,20-20
33.86,52.1,38.67,14,0,5,2,Clayey,Wheat,20-20
30.38,62.75,49.15,9,0,31,0,Loamy,Millets,DAP
28.91,54.0,43.35,25,0,19,2,Black,Paddy,20-20
27.05,50.1,30.22,38,0,2,1,Sandy,Maize,14-35-14
31.26,53.46,60.24,39,2,3,1,Sandy,Maize,17-17-17
32.28,64.92,25.67,23,0,25,0,Black,Ground Nuts,14-35-14
27.63,60.94,44.64,7,3,39,2,Red,Paddy,28-28
30.06,57.82,29.93,38,0,0,1,Sandy,Paddy,Urea
31.64,69.93,26.31,17,0,12,0,Loamy,Oil seeds,20-20
31.21,56.6,34.03,18,2,40,0,Sandy,Wheat,14-35-14
31.73,54.97,64.26,7,6,32,0,Black,Cotton,17-17-17
29.21,57.22,49.29,17,13,14,2,Clayey,Paddy,14-35-14
33.91,65.24,30.22,37,0,0,1,Clayey,Cotton,20-20
30.14,73.6,67.33,21,0,20,0,Red,Tobacco,DAP
29.62,61.0,31.32,42,3,0,1,Black,Maize,14-35-14
28.7,50.97,22.32,19,18,14,2,Loamy,Maize,Urea
32.21,72.67,58.11,36,4,3,1,Clayey,Oil seeds,20-20
33.54,62.45,27.73,10,0,38,0,Black,Maize,17-17-17
39.75,66.91,26.89,12,4,27,0,Black,Barley,10-26-26
34.11,57.79,43.23,26,1,23,0,Red,Sugarcane,17-17-17
34.61,56.25,58.99,41,0,0,1,Red,Oil seeds,28-28
28.58,71.66,46.04,10,12,9,0,Red,Oil seeds,10-26-26
29.94,55.21,52.74,19,1,25,2,Red,Barley,DAP
28.42,51.12,27.41,11,0,6,2,Loamy,Cotton,17-17-17
29.54,70.83,36.15,35,0,4,1,Black,Tobacco,14-35-14
33.44,67.04,56.66,7,4,29,0,Loamy,Pulses,10-26-26
28.44,69.02,25.51,37,0,0,1,Loamy,Paddy,17-17-17
28.08,58.59,44.33,24,3,20,2,Red,Millets,14-35-14
33.02,55.73,60.55,10,15,18,2,Sandy,Maize,Urea
31.21,67.98,48.85,10,0,37,0,Black,Paddy,28-28
25.12,64.48,52.92,16,0,8,2,Sandy,Wheat,14-35-14
33.66,76.53,54.93,41,0,0,1,Black,Millets,DAP
31.48,53.13,56.5,5,10,13,2,Loamy,Maize,14-35-14
32.66,59.5,27.0,33,0,4,1,Black,Pulses,DAP
31.86,75.29,53.2,15,0,37,0,Red,Tobacco,20-20
34.72,67.85,69.81,4,4,29,0,Loamy,Barley,Urea
38.05,68.85,57.68,9,13,29,0,Black,Wheat,28-28
22.79,59.47,28.56,37,0,0,1,Sandy,Millets,10-26-26
29.25,61.06,48.99,20,0,18,2,Black,Pulses,Urea
31.55,53.02,39.4,8,0,16,2,Clayey,Cotton,Urea
32.62,66.69,34.48,23,2,18,0,Loamy,Ground Nuts,DAP
29.51,57.86,47.6,17,4,11,2,Black,Barley,20-20
27.49,50.47,40.81,32,2,0,1,Clayey,Wheat,Urea
28.75,65.85,40.56,20,0,13,0,Sandy,Ground Nuts,10-26-26
25.45,43.45,27.0,32,0,4,1,Black,Tobacco,10-26-26
30.26,57.22,40.09,25,2,28,2,Sandy,Pulses,20-20
26.5,59.39,29.76,9,4,10,2,Black,Cotton,DAP
21.42,48.7,23.99,15,15,14,2,Sandy,Wheat,28-28
26.75,60.71,69.47,6,5,29,2,Red,Oil seeds,17-17-17
32.35,78.2,31.24,9,1,43,0,Black,Sugarcane,DAP
31.02,66.2,60.1,11,0,10,0,Clayey,Maize,Urea
25.65,61.88,34.2,11,12,28,2,Black,Wheat,Urea
27.84,67.18,46.95,18,0,17,0,Black,Cotton,10-26-26
35.37,75.72,32.49,15,1,14,0,Red,Oil seeds,DAP
27.07,54.74,36.04,5,2,16,2,Red,Tobacco,Urea
27.12,59.72,32.35,9,10,27,2,Black,Oil seeds,DAP
29.67,64.14,54.58,10,8,25,0,Black,Millets,14-35-14
21.82,52.68,30.79,9,5,13,2,Red,Oil seeds,DAP
33.65,56.18,56.49,8,10,15,0,Sandy,Oil seeds,28-28
22.85,48.3,34.63,21,0,19,2,Sandy,Tobacco,17-17-17
24.32,46.37,64.36,13,8,10,2,Sandy,Ground Nuts,DAP
24.19,48.21,44.34,13,5,24,2,Black,Paddy,14-35-14
34.29,70.43,40.37,26,0,24,0,Sandy,Millets,14-35-14
33.84,63.74,29.44,10,8,26,0,Black,Cotton,DAP
29.44,67.64,34.34,4,5,33,0,Black,Maize,28-28
22.98,47.12,45.24,10,20,24,2,Black,Millets,14-35-14
38.7,76.26,57.0,36,4,4,1,Sandy,Sugarcane,20-20
33.5,62.28,32.37,22,0,21,0,Red,Sugarcane,20-20
27.94,56.62,29.68,39,0,0,1,Loamy,Wheat,10-26-26
25.11,67.21,30.73,7,0,17,2,Clayey,Ground Nuts,10-26-26
29.98,56.89,32.9,36,0,0,1,Loamy,Maize,Urea
29.77,58.83,57.38,4,13,28,2,Black,Paddy,20-20
33.49,68.47,41.93,10,0,39,0,Clayey,Ground Nuts,20-20
33.3,49.69,62.65,12,0,6,2,Sandy,Pulses,DAP
25.13,65.26,63.03,5,6,31,2,Black,Millets,DAP
28.93,43.63,41.64,17,3,19,2,Sandy,Cotton,Urea
30.49,62.68,54.33,11,0,39,0,Red,Sugarcane,28-28
34.65,63.66,47.3,8,4,25,0,Clayey,Millets,DAP
29.01,69.98,40.41,17,0,15,0,Loamy,Wheat,10-26-26
31.42,52.17,52.65,11,8,17,2,Sandy,Ground Nuts,10-26-26
38.07,62.7,66.49,31,0,0,1,Red,Maize,20-20
25.99,60.98,37.81,39,0,0,1,Loamy,Paddy,17-17-17
35.02,69.63,29.61,11,0,36,0,Red,Paddy,10-26-26
35.57,69.22,38.56,26,0,17,0,Clayey,Tobacco,28-28
40.0,75.07,38.95,17,2,18,0,Clayey,Sugarcane,17-17-17
25.22,53.11,39.07,24,0,14,2,Red,Tobacco,20-20
27.92,65.12,62.24,13,0,14,0,Clayey,Barley,14-35-14
37.88,56.28,34.78,14,0,41,0,Sandy,Pulses,DAP
29.19,47.17,37.7,15,0,17,2,Black,Ground Nuts,20-20
26.71,53.04,48.29,37,0,0,1,Red,Oil seeds,28-28
30.14,65.05,25.07,9,7,32,0,Black,Tobacco,14-35-14
31.98,45.3,30.75,36,0,0,1,Loamy,Pulses,Urea
27.6,63.87,38.04,45,4,0,1,Black,Oil seeds,Urea
39.68,68.29,34.23,10,10,31,0,Loamy,Paddy,Urea
29.28,55.6,41.79,0,11,27,2,Loamy,Paddy,20-20
32.09,67.57,37.6,25,0,18,0,Loamy,Sugarcane,10-26-26
35.85,54.97,32.94,41,1,0,1,Loamy,Ground Nuts,17-17-17
29.83,63.99,61.91,9,10,34,0,Clayey,Paddy,17-17-17
34.64,70.76,23.74,41,0,0,1,Clayey,Millets,17-17-17
35.22,76.59,24.21,10,1,39,0,Loamy,Oil seeds,14-35-14
40.0,77.37,53.95,34,0,2,1,Loamy,Sugarcane,20-20
30.59,68.8,42.49,15,0,41,0,Sandy,Barley,10-26-26
26.51,50.69,57.11,8,0,36,2,Sandy,Sugarcane,DAP
32.69,57.68,48.14,39,0,0,1,Loamy,Paddy,10-26-26
29.22,70.28,53.37,6,19,22,0,Black,Tobacco,28-28
32.3,62.68,41.53,11,2,10,0,Clayey,Sugarcane,10-26-26
36.24,62.61,31.65,15,2,39,0,Clayey,Millets,10-26-26
30.96,55.9,41.09,13,2,12,2,Red,Wheat,17-17-17
29.84,55.15,70.0,38,3,2,1,Clayey,Oil seeds,DAP
29.14,58.46,36.98,40,0,3,1,Loamy,Barley,10-26-26
29.37,46.93,59.62,12,0,4,2,Sandy,Cotton,20-20
29.68,53.79,33.21,17,0,35,2,Black,Wheat,28-28
28.27,64.54,36.26,26,1,20,2,Sandy,Paddy,Urea
31.34,61.15,61.58,8,0,8,0,Black,Pulses,10-26-26
36.31,72.79,46.6,22,0,20,0,Sandy,Barley,DAP
23.03,49.38,40.47,23,0,18,2,Black,Wheat,10-26-26
32.62,52.77,37.75,19,3,33,2,Red,Maize,Urea
25.76,59.69,42.9,9,9,25,2,Clayey,Paddy,Urea
26.51,54.41,25.69,6,18,20,2,Loamy,Tobacco,17-17-17
35.46,70.84,62.84,9,0,38,0,Black,Maize,20-20
26.7,61.16,69.76,8,5,28,2,Black,Wheat,17-17-17
28.89,52.69,65.95,8,0,5,2,Clayey,Pulses,14-35-14
34.28,52.14,44.07,39,4,0,1,Black,Tobacco,10-26-26
29.14,54.24,24.55,40,1,2,1,Black,Oil seeds,DAP
37.84,71.33,37.32,12,0,36,0,Black,Oil seeds,DAP
33.56,66.29,26.04,43,2,2,1,Clayey,Wheat,14-35-14
29.35,61.82,63.95,38,1,0,1,Sandy,Pulses,28-28
32.89,53.28,63.35,12,3,42,0,Black,Millets,Urea
26.99,51.1,58.93,9,6,29,2,Clayey,Tobacco,17-17-17
31.51,63.07,38.77,23,1,13,1,Loamy,Ground Nuts,Urea
25.3,51.45,24.59,9,9,32,2,Sandy,Barley,17-17-17
37.33,59.48,53.07,14,0,38,0,Clayey,Wheat,DAP
23.56,47.6,35.22,4,12,20,2,Red,Pulses,14-35-14
35.38,56.76,21.51,37,0,0,1,Black,Millets,20-20
27.83,50.6,54.62,9,2,36,2,Clayey,Cotton,Urea
28.44,55.23,33.64,24,0,17,2,Red,Ground Nuts,10-26-26
24.47,59.99,64.4,12,0,11,2,Sandy,Wheat,17-17-17
39.16,63.48,44.6,9,12,32,0,Black,Millets,17-17-17
36.05,73.59,58.17,9,14,11,0,Red,Millets,17-17-17
28.65,49.45,27.65,6,6,32,2,Loamy,Ground Nuts,17-17-17
29.03,60.03,35.31,33,2,3,1,Loamy,Maize,10-26-26
29.13,67.17,44.42,5,4,15,0,Black,Wheat,28-28
31.55,58.9,47.7,5,16,18,2,Sandy,Ground Nuts,DAP
36.09,74.92,37.36,13,4,34,0,Red,Maize,DAP
32.4,77.68,42.34,9,0,34,0,Sandy,Pulses,14-35-14
39.4,75.28,52.3,14,3,39,0,Red,Maize,10-26-26
35.66,75.53,32.79,7,4,34,0,Red,Cotton,17-17-17
30.46,54.2,26.28,11,7,32,2,Black,Cotton,10-26-26
30.04,44.38,31.72,16,0,14,2,Sandy,Wheat,20-20
24.01,50.76,23.95,10,14,31,2,Clayey,Sugarcane,20-20
36.98,53.44,24.52,13,2,37,0,Clayey,Pulses,14-35-14
33.4,72.33,23.7,9,7,28,0,Red,Tobacco,10-26-26
30.91,74.59,49.46,25,2,17,0,Clayey,Tobacco,14-35-14
37.76,69.09,42.99,41,0,0,1,Clayey,Tobacco,DAP
33.82,63.87,30.01,12,1,35,0,Black,Wheat,Urea
31.27,43.49,37.61,35,0,3,1,Loamy,Barley,14-35-14
28.9,59.58,29.63,24,3,25,2,Red,Cotton,20-20
35.66,54.44,42.29,26,0,18,0,Loamy,Sugarcane,17-17-17
27.08,64.97,38.34,9,3,18,2,Red,Ground Nuts,Urea
33.55,63.26,49.37,4,6,19,0,Black,Sugarcane,DAP
24.04,65.32,45.42,7,0,11,2,Clayey,Ground Nuts,20-20
33.99,48.08,50.86,8,4,37,2,Sandy,Sugarcane,10-26-26
32.18,53.93,42.41,16,0,14,2,Clayey,Wheat,14-35-14
30.94,58.19,66.53,21,0,21,0,Red,Sugarcane,17-17-17
26.35,50.4,53.76,12,0,32,2,Black,Tobacco,10-26-26
35.86,73.75,44.57,43,2,0,1,Loamy,Ground Nuts,10-26-26
26.57,53.34,23.1,13,0,36,2,Black,Tobacco,14-35-14
31.22,62.28,43.12,41,2,0,1,Clayey,Oil seeds,14-35-14
31.5,67.6,46.4,14,0,40,0,Red,Paddy,10-26-26
26.0,66.36,26.96,13,12,18,2,Clayey,Sugarcane,14-35-14
22.16,44.0,35.75,16,2,18,2,Red,Tobacco,Urea
38.68,76.72,57.16,43,1,0,1,Red,Tobacco,DAP
33.45,48.18,38.02,8,15,11,2,Clayey,Ground Nuts,Urea
32.63,56.39,70.0,41,3,0,1,Loamy,Sugarcane,20-20
31.02,58.1,37.46,15,3,12,2,Red,Paddy,Urea
25.77,48.22,37.18,22,1,23,2,Black,Pulses,Urea
29.9,53.17,58.98,12,5,24,2,Black,Ground Nuts,17-17-17
34.72,55.96,37.9,9,1,18,0,Sandy,Sugarcane,10-26-26
32.86,71.74,67.98,15,13,19,0,Clayey,Cotton,28-28
31.28,61.86,62.26,17,0,35,0,Black,Maize,Urea
30.4,60.18,28.18,36,0,0,1,Loamy,Cotton,DAP
26.99,44.73,51.9,6,0,18,2,Sandy,Oil seeds,17-17-17
37.71,79.73,38.27,8,0,43,0,Black,Paddy,DAP
25.29,59.98,64.0,8,2,12,2,Red,Paddy,28-28
32.07,67.78,33.63,18,0,18,0,Clayey,Wheat,28-28
30.04,62.08,62.67,12,17,11,2,Black,Ground Nuts,17-17-17
29.73,59.06,69.92,5,14,31,2,Sandy,Millets,DAP
37.67,74.24,42.28,8,17,20,0,Red,Tobacco,Urea
28.67,71.7,49.84,11,11,9,0,Sandy,Tobacco,14-35-14
31.4,69.24,29.06,35,0,0,1,Red,Millets,10-26-26
32.58,48.15,44.44,43,1,0,1,Loamy,Paddy,28-28
25.24,46.57,36.23,32,0,0,1,Loamy,Maize,Urea
26.1,47.87,27.14,10,0,42,2,Sandy,Wheat,Urea
31.52,67.58,32.04,3,7,27,0,Sandy,Ground Nuts,DAP
36.5,76.58,69.11,15,0,41,0,Sandy,Oil seeds,14-35-14
27.69,55.28,34.84,35,1,0,1,Clayey,Ground Nuts,10-26-26
31.35,56.17,45.42,26,0,19,1,Clayey,Barley,10-26-26
29.83,58.93,43.95,33,4,1,1,Red,Tobacco,17-17-17
24.26,61.88,65.71,6,4,10,2,Clayey,Maize,DAP
33.17,50.88,48.64,15,0,8,2,Black,Sugarcane,DAP
29.0,65.07,70.0,10,2,32,0,Red,Maize,DAP
22.71,50.4,40.46,27,2,24,2,Black,Pulses,Urea
24.06,61.27,35.5,7,0,3,2,Clayey,Barley,28-28
28.8,52.94,23.76,36,0,0,1,Loamy,Oil seeds,20-20
23.87,50.93,44.6,9,20,17,2,Clayey,Pulses,14-35-14
32.57,69.05,45.35,13,3,9,0,Black,Sugarcane,28-28
31.59,63.18,56.9,16,4,36,0,Black,Paddy,10-26-26
28.92,59.44,57.18,10,4,24,2,Loamy,Barley,14-35-14
34.64,54.07,50.89,21,0,27,0,Black,Maize,Urea
31.88,52.97,49.87,26,2,22,2,Black,Cotton,Urea
26.75,56.87,20.0,12,6,30,2,Clayey,Barley,17-17-17
26.42,62.53,32.01,14,0,42,2,Sandy,Wheat,28-28
32.91,56.48,45.87,4,0,18,0,Black,Millets,Urea
27.06,58.24,46.67,7,13,11,2,Sandy,Sugarcane,20-20
36.68,59.35,46.12,42,0,3,1,Clayey,Wheat,20-20
32.73,67.1,34.06,8,0,6,0,Loamy,Barley,28-28
29.42,54.67,40.55,33,0,0,1,Sandy,Ground Nuts,10-26-26
30.99,56.13,38.39,22,1,22,2,Black,Maize,Urea
39.61,74.2,29.32,9,1,38,0,Clayey,Cotton,28-28
31.22,60.38,20.0,6,8,33,0,Sandy,Wheat,20-20
25.06,56.22,22.4,18,0,43,2,Sandy,Millets,17-17-17
33.51,66.81,32.19,24,4,17,0,Loamy,Paddy,17-17-17
32.82,66.47,59.62,10,3,37,0,Red,Ground Nuts,10-26-26
29.78,57.79,45.7,7,9,29,2,Clayey,Sugarcane,10-26-26
29.99,45.79,31.39,18,13,9,2,Black,Millets,10-26-26
30.4,55.73,55.43,34,1,0,1,Sandy,Sugarcane,14-35-14
31.92,55.47,48.31,14,0,43,0,Red,Cotton,14-35-14
33.69,68.75,64.77,7,11,30,0,Sandy,Cotton,28-28
33.49,67.08,35.44,14,2,32,0,Sandy,Sugarcane,28-28
29.54,60.61,54.07,12,11,34,0,Loamy,Sugarcane,DAP
30.96,71.75,32.0,8,3,39,0,Black,Ground Nuts,Urea
27.6,61.91,38.15,22,0,22,2,Sandy,Oil seeds,DAP
37.76,71.09,43.07,34,0,2,1,Red,Ground Nuts,DAP
39.91,60.35,29.4,10,3,26,0,Loamy,Oil seeds,14-35-14
26.3,56.35,38.58,39,0,2,1,Loamy,Sugarcane,14-35-14
26.37,46.29,20.0,7,13,30,2,Black,Cotton,DAP
32.45,57.72,20.29,37,0,4,1,Clayey,Paddy,Urea
37.74,72.77,41.36,4,12,33,0,Clayey,Pulses,17-17-17
31.31,73.26,70.0,11,2,41,0,Loamy,Pulses,14-35-14
26.63,65.47,59.26,5,7,36,0,Red,Pulses,17-17-17
31.71,58.44,35.47,14,0,34,0,Loamy,Pulses,Urea
28.78,47.92,40.88,16,12,14,2,Clayey,Pulses,28-28
34.04,73.0,36.41,6,23,23,0,Clayey,Tobacco,20-20
31.55,43.6,51.07,13,0,12,2,Red,Cotton,DAP
33.83,56.14,43.31,24,0,23,0,Red,Paddy,17-17-17
30.39,54.66,40.53,6,19,18,2,Black,Barley,DAP
21.55,59.81,42.69,9,12,15,2,Clayey,Wheat,17-17-17
36.16,61.54,37.54,11,2,37,0,Black,Wheat,DAP
27.32,63.12,22.92,42,0,2,1,Clayey,Cotton,28-28
33.16,66.73,50.78,21,0,24,0,Loamy,Maize,28-28
27.85,52.65,33.33,24,0,13,2,Clayey,Wheat,20-20
37.4,66.12,61.2,23,0,22,0,Loamy,Millets,17-17-17
32.96,52.26,42.35,17,0,4,1,Clayey,Tobacco,DAP
31.7,56.56,58.11,9,5,24,0,Red,Barley,Urea
32.51,53.53,45.88,36,0,2,1,Red,Tobacco,28-28
40.0,70.46,49.59,11,20,17,0,Black,Cotton,DAP
32.34,55.71,38.14,17,0,22,2,Sandy,Paddy,28-28
28.59,68.53,38.94,10,4,38,0,Clayey,Maize,DAP
31.27,60.81,33.61,11,0,10,2,Black,Pulses,10-26-26
33.59,51.12,39.54,18,4,43,0,Black,Wheat,17-17-17
31.18,49.61,28.76,11,7,28,2,Sandy,Wheat,14-35-14
28.77,60.04,35.99,32,2,4,1,Red,Maize,20-20
24.44,46.56,30.45,6,16,17,2,Red,Ground Nuts,20-20
30.97,58.0,39.5,20,0,19,2,Sandy,Millets,20-20
29.62,60.67,58.93,13,4,14,2,Clayey,Cotton,20-20
37.33,62.07,24.59,12,2,43,0,Sandy,Wheat,10-26-26
23.26,52.39,43.65,20,4,17,2,Clayey,Tobacco,Urea
23.36,53.46,54.46,8,2,10,2,Red,Pulses,20-20
39.85,60.31,29.29,6,9,33,0,Sandy,Cotton,10-26-26
32.2,67.65,34.68,4,11,25,0,Black,Maize,Urea
26.16,59.25,36.27,36,0,0,1,Sandy,Cotton,10-26-26
28.79,48.06,37.93,36,0,3,1,Loamy,Wheat,28-28
31.84,54.29,26.55,42,0,3,1,Loamy,Paddy,20-20
25.41,49.09,44.03,18,1,16,2,Sandy,Barley,14-35-14
29.32,57.18,70.0,12,7,26,2,Clayey,Ground Nuts,20-20
25.2,65.72,54.26,8,2,32,2,Black,Sugarcane,20-20
26.97,52.44,68.26,11,12,12,2,Clayey,Millets,Urea
32.47,66.84,39.56,23,0,17,0,Red,Pulses,28-28
38.4,70.12,44.15,8,0,36,0,Red,Paddy,20-20
31.27,64.6,62.52,6,4,29,0,Loamy,Pulses,28-28
31.17,55.69,40.48,35,0,3,1,Loamy,Wheat,17-17-17
28.61,46.05,42.05,11,16,20,2,Sandy,Oil seeds,28-28
20.82,46.55,35.51,28,0,21,2,Sandy,Cotton,DAP
36.01,67.22,35.57,35,0,0,1,Red,Tobacco,DAP
26.91,53.87,31.06,10,1,11,2,Loamy,Ground Nuts,28-28
32.23,54.15,54.33,20,0,19,2,Red,Sugarcane,DAP
36.13,61.57,35.14,40,1,4,1,Loamy,Maize,14-35-14
29.19,56.47,54.69,11,0,9,2,Loamy,Cotton,28-28
39.1,77.95,44.22,13,0,36,0,Sandy,Cotton,28-28
35.64,61.77,28.86,18,0,16,0,Red,Millets,DAP
25.13,54.49,68.4,43,0,0,1,Loamy,Maize,Urea
26.74,63.11,41.43,36,0,1,1,Sandy,Maize,10-26-26
34.67,59.78,60.8,8,12,35,0,Loamy,Oil seeds,14-35-14
39.31,59.72,40.8,42,3,0,1,Red,Cotton,DAP
27.03,52.2,44.35,7,4,8,2,Clayey,Maize,10-26-26
34.0,65.0,45.0,6,19,21,0,Clayey,Paddy,10-26-26
31.57,59.0,29.74,32,0,3,1,Loamy,Millets,17-17-17
28.88,55.9,30.64,16,4,7,2,Loamy,Cotton,Urea
23.9,45.41,23.75,8,1,11,2,Red,Oil seeds,20-20
36.82,57.69,30.19,39,0,3,1,Red,Barley,28-28
26.67,55.69,30.74,23,4,22,2,Loamy,Cotton,10-26-26
25.49,58.9,27.75,10,0,10,2,Sandy,Maize,10-26-26
31.62,67.35,40.08,12,16,11,0,Loamy,Cotton,DAP
28.25,54.87,56.78,5,6,24,2,Red,Ground Nuts,20-20
37.11,61.41,60.83,8,13,16,0,Sandy,Maize,14-35-14
28.11,64.09,65.53,13,3,34,0,Sandy,Pulses,Urea
31.13,73.3,29.78,3,3,29,0,Loamy,Barley,DAP
29.12,65.5,30.37,24,0,26,0,Sandy,Pulses,17-17-17
29.0,55.01,42.96,43,0,0,1,Black,Pulses,17-17-17
37.12,73.59,58.49,34,3,0,1,Red,Barley,Urea
35.0,75.25,35.02,12,0,10,0,Loamy,Sugarcane,17-17-17
34.29,63.96,28.02,1,20,20,0,Loamy,Cotton,DAP
38.12,66.69,33.67,15,2,9,0,Loamy,Sugarcane,DAP
37.14,69.78,61.72,17,0,35,0,Sandy,Ground Nuts,17-17-17
31.55,56.81,69.3,11,9,17,2,Red,Sugarcane,10-26-26
28.57,50.93,44.78,32,0,0,1,Red,Maize,20-20
31.45,66.67,69.18,6,3,33,0,Clayey,Pulses,14-35-14
24.25,67.07,21.47,12,15,20,2,Loamy,Tobacco,17-17-17
23.42,55.62,26.64,12,16,10,2,Sandy,Pulses,20-20
33.71,71.14,43.81,37,0,4,1,Clayey,Millets,17-17-17
24.63,53.02,36.99,24,1,18,2,Loamy,Sugarcane,DAP
28.61,53.73,50.17,5,6,29,2,Clayey,Millets,DAP
34.69,53.03,34.57,5,20,18,2,Clayey,Millets,20-20
31.18,47.51,35.51,13,12,25,2,Red,Wheat,17-17-17
33.23,61.09,39.74,22,2,21,0,Loamy,Oil seeds,17-17-17
24.55,59.45,47.37,1,15,15,2,Red,Barley,Urea
28.38,63.35,70.0,13,14,17,2,Sandy,Maize,Urea
27.14,56.05,30.48,12,3,41,2,Sandy,Wheat,20-20
33.76,53.8,61.55,10,5,35,0,Black,Wheat,DAP
32.53,56.56,54.29,26,0,16,1,Clayey,Pulses,20-20
31.02,54.58,45.71,11,0,12,2,Red,Barley,10-26-26
27.16,55.4,35.51,44,0,2,1,Loamy,Oil seeds,10-26-26
36.27,67.64,67.95,28,3,20,0,Clayey,Wheat,DAP
23.56,56.69,37.04,7,0,3,2,Red,Pulses,10-26-26
30.87,68.3,42.11,12,13,16,0,Loamy,Cotton,Urea
29.92,50.28,36.3,32,0,2,1,Clayey,Ground Nuts,Urea
27.22,51.42,53.92,11,2,37,2,Red,Sugarcane,DAP
26.45,56.63,64.39,14,9,27,2,Clayey,Pulses,Urea
36.5,65.85,42.33,5,10,32,0,Loamy,Maize,10-26-26
26.85,50.76,39.26,5,0,16,2,Loamy,Millets,17-17-17
26.71,56.27,30.9,11,3,8,2,Clayey,Ground Nuts,10-26-26
33.56,64.48,49.59,5,9,36,0,Clayey,Tobacco,17-17-17
35.3,59.61,44.25,10,14,10,0,Loamy,Oil seeds,Urea
29.5,46.63,46.49,27,4,16,2,Clayey,Cotton,17-17-17
27.47,50.13,43.95,11,1,10,2,Loamy,Maize,20-20
33.18,58.37,27.03,20,3,20,0,Clayey,Cotton,14-35-14
25.7,67.81,42.7,25,0,17,1,Loamy,Tobacco,20-20
27.83,54.18,53.54,7,0,9,2,Clayey,Wheat,17-17-17
32.51,61.45,70.0,10,1,32,0,Loamy,Ground Nuts,Urea
30.61,57.26,56.71,14,2,34,0,Clayey,Oil seeds,14-35-14
27.57,60.98,50.89,17,0,34,2,Red,Tobacco,Urea
35.77,60.14,36.61,8,15,19,0,Black,Maize,10-26-26
27.58,42.95,54.69,9,0,4,2,Sandy,Sugarcane,10-26-26
25.17,47.0,37.3,6,22,13,2,Black,Tobacco,10-26-26
29.04,61.31,47.24,25,3,18,2,Loamy,Oil seeds,DAP
34.33,69.34,32.53,44,4,4,1,Loamy,Maize,14-35-14
27.49,55.27,67.27,5,6,30,2,Loamy,Barley,28-28
28.24,48.4,33.28,31,4,0,1,Red,Tobacco,17-17-17
30.35,73.19,41.73,3,21,21,0,Sandy,Ground Nuts,17-17-17
28.1,63.12,59.22,41,2,1,1,Clayey,Wheat,20-20
30.3,48.94,35.02,27,1,23,2,Black,Ground Nuts,28-28
38.25,62.67,37.09,3,6,30,0,Clayey,Sugarcane,10-26-26
36.94,59.89,32.39,5,9,34,0,Black,Sugarcane,20-20
35.35,62.94,64.74,9,11,25,0,Black,Tobacco,14-35-14
36.13,73.48,70.0,10,0,38,0,Loamy,Sugarcane,Urea
26.88,63.51,45.65,38,4,0,1,Loamy,Ground Nuts,28-28
35.25,55.27,39.3,39,0,1,1,Loamy,Cotton,10-26-26
24.08,62.89,34.44,14,12,19,2,Black,Cotton,20-20
23.91,47.47,43.3,16,10,12,2,Clayey,Maize,17-17-17
25.88,62.12,69.37,5,5,26,2,Black,Maize,14-35-14
25.75,59.79,24.64,6,21,15,2,Red,Paddy,17-17-17
34.33,61.44,37.09,11,0,14,0,Black,Millets,28-28
21.85,49.88,44.21,20,4,20,2,Clayey,Barley,10-26-26
23.88,48.37,32.8,45,4,0,1,Black,Oil seeds,14-35-14
32.63,62.91,55.52,13,10,31,0,Clayey,Maize,Urea
36.56,57.49,36.1,36,4,0,1,Sandy,Tobacco,14-35-14
31.57,49.29,48.02,20,0,20,2,Sandy,Millets,17-17-17
38.02,73.39,34.53,40,0,0,1,Black,Barley,17-17-17
31.73,56.97,32.88,16,4,44,0,Red,Paddy,17-17-17
30.11,67.55,44.5,39,0,0,1,Sandy,Millets,Urea
36.44,61.1,60.46,12,4,38,0,Red,Millets,14-35-14
25.12,42.78,50.96,7,0,7,2,Loamy,Oil seeds,17-17-17
22.16,43.31,42.41,18,0,9,2,Red,Pulses,14-35-14
27.63,47.97,28.92,14,0,11,2,Loamy,Millets,DAP
33.41,65.63,33.09,8,0,30,0,Loamy,Pulses,20-20
38.25,74.83,48.66,36,0,3,1,Clayey,Sugarcane,17-17-17
23.61,40.7,39.71,6,18,12,2,Clayey,Paddy,14-35-14
29.27,48.14,55.71,8,3,33,2,Black,Paddy,17-17-17
37.04,63.65,37.66,10,9,29,0,Clayey,Maize,17-17-17
27.03,56.26,35.68,26,1,26,2,Black,Oil seeds,14-35-14
28.65,59.53,29.64,32,0,0,1,Sandy,Millets,14-35-14
29.23,48.37,38.04,4,9,26,2,Sandy,Paddy,DAP
40.0,60.45,33.52,7,0,41,0,Black,Cotton,17-17-17
33.78,69.12,20.23,42,0,1,1,Loamy,Ground Nuts,20-20
29.74,48.18,62.44,39,0,0,1,Black,Tobacco,14-35-14
22.15,48.66,61.0,10,0,8,2,Loamy,Oil seeds,20-20
25.2,44.1,46.96,12,6,29,2,Red,Oil seeds,DAP
25.51,59.65,53.61,15,13,15,2,Red,Sugarcane,14-35-14
22.13,50.96,59.06,8,0,10,2,Clayey,Cotton,Urea
30.19,57.73,35.0,6,10,25,2,Loamy,Barley,28-28
21.33,49.11,41.38,21,0,21,2,Clayey,Tobacco,Urea
24.02,52.18,41.72,40,0,0,1,Red,Paddy,28-28
25.81,54.02,45.2,9,0,6,2,Black,Ground Nuts,Urea
28.53,50.22,28.54,12,0,12,2,Sandy,Sugarcane,28-28
33.37,66.5,35.42,8,3,9,0,Black,Pulses,14-35-14
28.95,59.12,26.9,33,0,1,1,Black,Wheat,10-26-26
27.39,50.86,56.33,11,4,7,2,Clayey,Ground Nuts,28-28
22.92,51.28,23.58,36,0,0,1,Clayey,Millets,14-35-14
23.12,47.76,27.04,12,1,15,2,Black,Ground Nuts,14-35-14
35.33,63.38,24.82,10,0,39,0,Sandy,Oil seeds,17-17-17
29.13,73.22,52.98,41,2,1,1,Black,Sugarcane,20-20
34.25,73.29,38.06,8,1,7,0,Loamy,Oil seeds,14-35-14
28.55,52.81,50.01,13,3,40,2,Red,Oil seeds,28-28
32.32,58.02,68.23,13,0,34,0,Sandy,Sugarcane,10-26-26
27.12,47.82,58.64,38,0,0,1,Clayey,Sugarcane,Urea
27.37,46.45,46.45,6,14,10,2,Clayey,Cotton,DAP
28.27,53.31,44.56,10,0,11,2,Clayey,Maize,20-20
31.35,59.91,24.9,15,13,12,2,Black,Sugarcane,28-28
36.68,51.39,43.94,13,0,37,0,Red,Sugarcane,Urea
32.02,50.79,61.39,7,8,37,2,Sandy,Oil seeds,10-26-26
32.31,65.98,51.84,10,11,8,0,Red,Wheat,28-28
39.47,72.83,59.41,13,1,40,0,Sandy,Tobacco,28-28
35.93,77.82,40.02,42,0,1,1,Black,Sugarcane,DAP
31.35,64.03,52.01,17,0,39,0,Black,Cotton,17-17-17
32.64,55.94,53.27,6,5,31,0,Sandy,Wheat,20-20
30.75,52.39,38.96,32,3,0,1,Sandy,Pulses,28-28
37.54,71.73,49.13,35,2,0,1,Red,Ground Nuts,Urea
24.45,67.55,32.45,16,18,13,2,Red,Ground Nuts,20-20
37.17,56.02,62.53,12,0,34,0,Clayey,Wheat,14-35-14
32.0,62.0,34.0,22,0,20,0,Red,Tobacco,28-28
23.65,51.65,42.94,40,2,0,1,Loamy,Tobacco,Urea
33.21,64.79,31.54,3,0,17,0,Clayey,Sugarcane,20-20
36.59,60.09,43.56,15,0,37,0,Loamy,Sugarcane,DAP
31.6,44.66,29.0,36,0,0,1,Red,Ground Nuts,10-26-26
29.99,60.85,46.92,25,0,18,1,Loamy,Barley,20-20
29.45,51.32,62.42,13,1,10,2,Loamy,Millets,28-28
26.43,46.63,42.08,8,17,19,2,Sandy,Maize,17-17-17
31.44,68.47,53.03,9,6,26,0,Clayey,Wheat,DAP
30.34,65.67,31.36,15,19,14,2,Sandy,Barley,DAP
30.26,51.93,67.2,15,0,42,2,Sandy,Tobacco,Urea
33.32,63.9,66.9,17,0,36,0,Clayey,Paddy,DAP
31.0,62.0,49.0,10,13,14,2,Black,Sugarcane,17-17-17
34.22,59.9,61.55,39,0,3,1,Loamy,Oil seeds,Urea
33.71,68.66,44.72,39,1,0,1,Red,Cotton,17-17-17
30.51,70.2,39.78,11,0,34,0,Black,Oil seeds,14-35-14
36.29,62.57,47.91,42,0,0,1,Sandy,Paddy,20-20
27.87,55.62,31.24,12,0,42,2,Loamy,Ground Nuts,20-20
38.65,65.81,70.0,18,1,42,0,Red,Tobacco,17-17-17
24.76,55.27,34.69,17,16,20,2,Sandy,Sugarcane,17-17-17
37.23,57.81,35.92,38,1,3,1,Red,Sugarcane,Urea
34.2,64.85,39.67,13,0,36,0,Clayey,Maize,10-26-26
23.01,46.97,52.66,8,1,11,2,Sandy,Maize,14-35-14
28.54,44.95,44.12,3,20,14,2,Sandy,Pulses,28-28
31.56,58.25,29.12,13,21,14,2,Loamy,Oil seeds,14-35-14
34.54,58.84,53.98,10,19,13,0,Black,Tobacco,28-28
26.91,44.27,23.76,18,0,45,2,Loamy,Barley,10-26-26
40.0,79.33,33.3,11,3,36,0,Loamy,Millets,17-17-17
28.46,54.38,40.69,22,0,25,2,Loamy,Cotton,14-35-14
29.3,58.88,50.39,45,2,0,1,Loamy,Sugarcane,DAP
27.57,52.6,61.71,7,8,31,2,Black,Pulses,28-28
32.54,58.92,43.95,34,0,0,1,Black,Sugarcane,28-28
31.51,64.47,59.18,34,0,2,1,Sandy,Barley,17-17-17
34.43,71.22,33.72,36,0,3,1,Loamy,Ground Nuts,17-17-17
33.14,49.95,36.02,5,2,27,2,Clayey,Barley,DAP
31.29,60.71,20.0,8,5,25,2,Black,Maize,20-20
30.68,66.46,37.19,17,0,38,0,Red,Sugarcane,17-17-17
32.11,71.08,29.01,35,0,0,1,Sandy,Barley,10-26-26
22.91,52.89,43.54,36,0,0,1,Black,Ground Nuts,17-17-17
29.66,51.34,33.38,38,2,1,1,Sandy,Cotton,28-28
26.35,59.75,53.03,14,0,39,2,Loamy,Cotton,Urea
37.97,57.61,56.51,4,9,32,0,Loamy,Wheat,DAP
32.59,63.12,70.0,41,0,2,1,Sandy,Tobacco,Urea
29.0,49.39,43.1,25,4,23,2,Black,Maize,20-20
34.0,65.0,62.0,7,9,30,0,Black,Cotton,14-35-14
22.32,56.11,24.06,15,0,38,2,Black,Maize,17-17-17
22.15,60.48,34.02,33,0,0,1,Loamy,Sugarcane,28-28
34.2,66.08,42.67,10,19,8,0,Loamy,Maize,17-17-17
25.11,49.18,41.82,36,0,0,1,Red,Paddy,DAP
30.41,64.96,48.09,10,2,33,0,Black,Pulses,DAP
26.18,68.33,41.63,37,2,0,1,Black,Oil seeds,10-26-26
30.36,44.69,42.18,43,0,0,1,Red,Paddy,14-35-14
35.08,55.2,65.28,10,3,42,0,Red,Tobacco,17-17-17
25.75,46.01,43.13,19,0,24,2,Red,Paddy,Urea
34.27,65.79,45.96,16,0,13,0,Black,Oil seeds,10-26-26
30.51,65.48,56.53,6,5,27,0,Clayey,Cotton,17-17-17
23.95,49.46,54.47,26,2,16,2,Loamy,Millets,17-17-17
23.12,58.63,37.49,33,3,0,1,Black,Cotton,14-35-14
28.25,53.46,37.81,12,0,36,2,Sandy,Oil seeds,14-35-14
22.3,56.51,42.72,1,23,17,2,Sandy,Tobacco,28-28
32.7,69.18,36.19,26,0,21,0,Black,Sugarcane,28-28
32.76,50.34,37.94,16,1,31,2,Loamy,Sugarcane,Urea
33.49,54.83,41.26,11,13,11,2,Loamy,Tobacco,10-26-26
24.32,42.11,32.47,10,0,38,2,Loamy,Pulses,14-35-14
26.32,61.03,28.0,7,9,32,2,Black,Oil seeds,20-20
25.12,59.64,41.7,33,2,2,1,Black,Paddy,20-20
34.77,57.87,70.0,14,12,15,0,Red,Ground Nuts,17-17-17
31.0,69.87,70.0,8,12,10,0,Black,Ground Nuts,10-26-26
30.61,60.97,28.66,18,0,15,2,Black,Pulses,17-17-17
28.05,52.74,43.39,4,21,17,2,Sandy,Pulses,17-17-17
28.93,70.5,64.49,10,16,18,0,Black,Maize,10-26-26
32.86,67.54,58.78,9,16,14,0,Clayey,Maize,14-35-14
35.18,74.22,33.33,11,0,45,0,Sandy,Wheat,10-26-26
26.21,66.15,51.0,10,10,11,2,Red,Wheat,20-20
32.98,66.5,41.35,26,0,24,0,Clayey,Paddy,Urea
32.27,43.73,42.3,11,0,31,2,Red,Barley,10-26-26
29.09,57.69,56.66,12,0,14,2,Red,Ground Nuts,Urea
32.9,54.1,49.07,10,0,4,2,Black,Wheat,Urea
29.22,54.96,70.0,32,0,0,1,Black,Ground Nuts,10-26-26
23.08,62.96,20.0,4,14,25,2,Sandy,Millets,14-35-14
27.33,55.62,31.28,39,0,0,1,Clayey,Pulses,DAP
35.41,55.99,30.99,14,0,34,0,Loamy,Sugarcane,20-20
35.14,59.91,45.38,9,2,14,0,Red,Oil seeds,14-35-14
25.47,48.38,36.0,24,0,20,2,Black,Millets,10-26-26
26.66,54.01,31.78,34,3,0,1,Loamy,Oil seeds,20-20
25.73,68.57,70.0,10,4,26,0,Sandy,Millets,17-17-17
36.75,74.17,53.07,42,4,0,1,Black,Millets,28-28
35.39,69.31,42.02,12,8,28,0,Black,Millets,10-26-26
29.97,59.98,41.02,21,2,24,2,Loamy,Tobacco,10-26-26
28.55,54.27,52.97,8,14,26,2,Loamy,Cotton,28-28
30.52,62.11,23.07,33,1,4,1,Black,Pulses,28-28
31.12,54.41,55.18,12,0,31,2,Clayey,Oil seeds,DAP
22.11,50.94,33.26,12,14,13,2,Sandy,Millets,14-35-14
33.12,66.48,41.95,7,0,15,0,Sandy,Oil seeds,10-26-26
38.32,64.18,57.84,26,1,14,0,Black,Oil seeds,10-26-26
30.5,57.68,54.46,15,4,38,0,Sandy,Barley,DAP
33.13,61.63,41.66,15,1,32,0,Sandy,Paddy,28-28
33.23,54.63,32.08,9,0,11,2,Red,Maize,DAP
28.56,50.73,40.11,40,0,0,1,Black,Ground Nuts,DAP
23.66,40.83,70.0,7,0,14,2,Clayey,Millets,17-17-17
30.3,54.43,45.38,13,8,31,2,Clayey,Oil seeds,14-35-14
33.65,72.61,52.87,43,0,0,1,Loamy,Ground Nuts,10-26-26
36.19,70.05,26.41,19,3,24,0,Black,Wheat,14-35-14
26.57,54.52,46.1,39,0,0,1,Black,Wheat,DAP
30.6,55.38,35.35,2,23,17,2,Loamy,Paddy,DAP
28.61,63.87,29.29,17,3,9,2,Red,Cotton,DAP
27.95,69.26,31.79,0,15,18,2,Red,Ground Nuts,10-26-26
32.71,58.03,46.16,24,2,19,0,Clayey,Maize,14-35-14
28.37,51.61,45.94,4,7,30,2,Red,Paddy,20-20
29.18,45.12,49.86,19,3,24,2,Clayey,Ground Nuts,20-20
24.17,51.74,42.57,45,1,3,1,Red,Millets,14-35-14
32.76,48.27,44.77,41,0,1,1,Clayey,Millets,10-26-26
32.82,65.38,24.04,39,4,0,1,Red,Ground Nuts,28-28
37.39,69.61,67.14,38,0,2,1,Red,Millets,20-20
35.76,72.58,44.43,37,2,0,1,Red,Oil seeds,20-20
27.54,61.58,33.57,11,0,16,2,Sandy,Wheat,DAP
36.79,65.0,25.87,41,0,1,1,Clayey,Wheat,28-28
36.31,62.76,31.8,33,0,0,1,Sandy,Wheat,20-20
22.04,58.49,29.03,8,19,17,2,Loamy,Ground Nuts,14-35-14
38.73,64.24,58.22,17,4,42,0,Loamy,Wheat,DAP
39.61,73.34,50.25,41,0,4,1,Sandy,Oil seeds,Urea
30.78,61.89,28.42,12,3,36,0,Clayey,Millets,DAP
37.68,64.53,62.03,17,0,36,0,Clayey,Millets,DAP
27.06,51.6,51.94,39,3,0,1,Clayey,Millets,14-35-14
34.34,59.1,53.66,8,14,14,0,Black,Pulses,DAP
26.69,61.8,55.35,17,0,20,2,Sandy,Paddy,14-35-14
23.64,54.21,33.68,30,1,0,1,Clayey,Barley,Urea
22.62,60.09,38.4,11,3,36,2,Black,Sugarcane,Urea
30.78,50.3,52.95,25,0,22,2,Clayey,Barley,20-20
34.98,59.82,34.18,8,1,42,0,Loamy,Millets,DAP
24.38,52.1,61.63,6,0,17,2,Black,Wheat,DAP
38.59,59.04,34.17,14,0,35,0,Clayey,Paddy,20-20
35.14,68.94,36.73,12,0,32,0,Sandy,Paddy,10-26-26
39.01,65.01,46.91,43,4,0,1,Clayey,Pulses,28-28
35.0,67.0,42.0,10,0,35,0,Sandy,Barley,DAP
31.81,70.13,21.18,13,0,36,0,Red,Ground Nuts,28-28
28.74,45.6,40.97,22,3,19,2,Black,Maize,14-35-14
32.74,60.15,33.03,6,0,32,0,Black,Wheat,Urea
33.96,48.63,35.77,21,0,26,2,Sandy,Ground Nuts,DAP
29.46,52.94,48.45,10,11,19,2,Clayey,Paddy,20-20
23.39,59.65,40.74,16,0,14,2,Clayey,Paddy,10-26-26
40.0,60.8,50.41,12,10,23,0,Black,Cotton,10-26-26
20.63,44.57,64.79,36,1,3,1,Clayey,Tobacco,Urea
35.17,70.71,27.27,24,0,26,0,Clayey,Maize,14-35-14
36.56,56.18,45.38,24,0,14,0,Loamy,Wheat,10-26-26
34.53,67.09,29.68,21,0,27,0,Red,Pulses,28-28
31.35,62.93,34.02,17,2,28,0,Clayey,Barley,14-35-14
31.15,58.01,20.55,0,16,20,2,Clayey,Wheat,DAP
28.42,68.97,38.11,35,1,1,1,Sandy,Barley,20-20
37.83,59.3,43.69,13,11,12,0,Loamy,Cotton,17-17-17
27.6,56.81,32.67,0,14,20,2,Sandy,Pulses,DAP
35.93,63.52,47.76,20,0,16,0,Clayey,Wheat,Urea
27.2,53.22,65.54,37,0,3,1,Black,Millets,14-35-14
30.22,56.38,60.39,14,10,33,2,Loamy,Maize,Urea
29.3,44.76,52.52,7,0,11,2,Red,Paddy,17-17-17
33.44,59.53,70.0,12,0,41,0,Clayey,Cotton,DAP
31.11,59.97,37.7,8,18,21,2,Red,Tobacco,DAP
29.92,57.58,44.49,16,14,7,2,Loamy,Ground Nuts,Urea
31.91,73.88,66.05,9,0,34,0,Red,Pulses,10-26-26
38.14,63.81,36.37,11,3,34,0,Loamy,Tobacco,14-35-14
26.08,46.32,70.0,43,0,4,1,Sandy,Paddy,28-28
34.05,74.82,66.24,25,2,20,0,Red,Ground Nuts,28-28
35.78,60.37,32.47,45,0,2,1,Loamy,Millets,DAP
33.54,50.61,56.46,5,6,35,0,Black,Paddy,20-20
32.49,51.43,57.77,11,3,10,2,Sandy,Pulses,14-35-14
29.5,69.16,41.62,24,1,26,0,Loamy,Cotton,28-28
26.47,64.77,23.03,8,20,12,2,Red,Millets,Urea
29.89,52.86,50.67,12,10,29,2,Sandy,Millets,Urea
40.0,61.0,41.55,13,0,37,0,Red,Maize,17-17-17
24.53,51.09,51.48,13,0,40,2,Sandy,Sugarcane,14-35-14
32.25,54.93,32.87,5,4,30,2,Red,Cotton,Urea
31.53,58.95,51.37,17,0,21,0,Clayey,Paddy,14-35-14
27.11,49.05,43.91,18,4,27,2,Black,Oil seeds,20-20
24.06,57.92,53.93,14,4,8,2,Loamy,Cotton,Urea
27.99,45.61,37.12,41,4,2,1,Red,Maize,28-28
29.0,58.0,61.0,11,0,38,0,Loamy,Cotton,DAP
33.13,65.2,62.77,14,3,42,0,Black,Millets,Urea
34.34,68.17,58.41,12,8,18,0,Red,Maize,28-28
29.23,54.78,49.49,22,0,15,2,Clayey,Cotton,10-26-26
24.08,63.58,64.23,14,4,10,2,Sandy,Barley,20-20
34.71,60.96,64.7,18,2,41,0,Red,Pulses,Urea
28.0,47.27,57.35,13,0,13,2,Clayey,Tobacco,Urea
29.35,59.63,48.74,12,8,29,2,Clayey,Tobacco,14-35-14
27.5,62.57,26.79,15,4,40,2,Loamy,Cotton,20-20
31.1,61.27,51.17,9,12,31,0,Sandy,Millets,17-17-17
31.59,71.2,27.7,23,0,22,0,Black,Paddy,28-28
26.82,51.3,34.82,8,1,11,2,Red,Barley,17-17-17
25.56,62.96,24.11,41,0,0,1,Clayey,Tobacco,17-17-17
34.0,65.0,63.0,14,0,38,0,Red,Cotton,DAP
33.71,59.42,29.32,16,0,38,0,Black,Barley,14-35-14
27.47,58.55,35.02,9,22,11,2,Loamy,Oil seeds,28-28
36.1,60.94,59.0,35,2,2,1,Clayey,Ground Nuts,20-20
27.38,60.32,50.76,5,13,26,2,Sandy,Pulses,14-35-14
26.41,53.31,47.82,8,0,43,2,Red,Ground Nuts,17-17-17
33.46,62.58,24.01,1,14,17,0,Clayey,Oil seeds,DAP
26.43,60.25,35.78,15,2,36,2,Sandy,Sugarcane,20-20
31.17,48.39,33.21,40,1,0,1,Sandy,Barley,14-35-14
29.33,61.81,52.99,4,8,30,0,Loamy,Pulses,14-35-14
32.95,64.98,33.74,26,0,25,0,Clayey,Maize,14-35-14
23.63,58.75,35.6,19,0,18,2,Red,Oil seeds,28-28
37.09,63.72,47.99,39,2,0,1,Red,Sugarcane,17-17-17
33.22,67.49,46.8,9,10,29,0,Clayey,Pulses,28-28
29.16,51.25,37.86,17,3,15,2,Red,Wheat,Urea
36.11,66.33,59.78,3,8,27,0,Sandy,Sugarcane,DAP
28.93,50.28,20.33,8,0,12,2,Red,Wheat,Urea
24.54,66.05,39.14,15,0,34,2,Black,Paddy,20-20
29.5,58.68,59.82,3,10,37,0,Sandy,Oil seeds,Urea
27.72,52.05,49.01,44,0,2,1,Clayey,Maize,14-35-14
25.85,60.73,64.54,13,1,36,2,Sandy,Tobacco,28-28
32.97,61.72,42.69,38,1,4,1,Sandy,Ground Nuts,17-17-17
28.94,62.47,31.99,38,2,3,1,Loamy,Sugarcane,17-17-17
30.71,51.25,37.24,19,4,18,2,Black,Millets,DAP
34.29,62.31,59.0,8,8,29,0,Black,Tobacco,Urea
35.55,69.73,53.43,8,14,22,0,Loamy,Ground Nuts,20-20
36.26,61.51,37.35,17,4,41,0,Loamy,Pulses,Urea
26.47,55.37,59.34,11,1,12,2,Sandy,Maize,20-20
31.98,71.09,57.24,30,0,2,1,Clayey,Maize,Urea
36.36,66.52,63.86,37,0,2,1,Loamy,Sugarcane,17-17-17
28.3,62.72,42.06,40,0,0,1,Clayey,Wheat,20-20
28.79,50.73,37.84,30,1,2,1,Black,Ground Nuts,10-26-26
32.72,58.96,60.48,37,1,3,1,Black,Pulses,20-20
27.66,53.58,40.96,41,0,3,1,Red,Cotton,20-20
32.33,75.18,40.55,14,19,23,0,Black,Sugarcane,10-26-26
24.35,58.11,34.04,4,0,10,2,Clayey,Oil seeds,28-28
23.96,50.84,54.62,8,14,14,2,Sandy,Tobacco,10-26-26
29.49,66.27,41.53,7,0,43,0,Sandy,Millets,10-26-26
29.95,61.65,70.0,9,5,31,0,Loamy,Sugarcane,20-20
35.97,67.11,42.9,3,11,31,0,Clayey,Ground Nuts,DAP
32.92,63.87,70.0,9,5,32,0,Sandy,Wheat,17-17-17
36.93,71.6,35.49,12,3,37,0,Loamy,Maize,17-17-17
37.61,59.21,38.16,10,3,42,0,Sandy,Wheat,28-28
21.34,54.69,39.42,20,2,26,2,Red,Pulses,14-35-14
25.28,55.82,32.12,6,12,13,2,Clayey,Barley,10-26-26
32.0,62.0,30.0,38,0,0,1,Loamy,Sugarcane,Urea
33.0,62.17,58.0,15,2,7,0,Loamy,Millets,28-28
30.84,47.62,28.08,34,2,1,1,Red,Millets,Urea
31.68,68.95,50.54,5,4,31,0,Red,Maize,14-35-14
35.29,66.87,60.63,26,1,19,0,Sandy,Wheat,14-35-14
29.15,57.67,32.35,34,0,1,1,Black,Sugarcane,10-26-26
30.71,51.6,50.02,8,0,5,2,Red,Oil seeds,DAP
29.8,56.47,33.35,18,4,23,2,Clayey,Wheat,28-28
34.57,73.25,39.07,40,2,1,1,Loamy,Cotton,DAP
31.74,63.18,24.75,11,13,16,2,Loamy,Maize,10-26-26
30.39,55.03,47.02,37,0,0,1,Red,Millets,14-35-14
25.63,62.91,41.61,20,0,22,2,Clayey,Tobacco,DAP
26.97,51.01,56.59,14,4,11,2,Loamy,Oil seeds,10-26-26
24.56,58.5,32.41,17,0,23,2,Clayey,Oil seeds,17-17-17
28.01,52.18,34.37,6,13,19,2,Sandy,Ground Nuts,14-35-14
22.49,46.82,30.38,33,0,0,1,Black,Tobacco,Urea
23.99,47.13,39.12,11,11,21,2,Loamy,Pulses,10-26-26
28.86,54.81,57.96,18,0,39,2,Loamy,Millets,17-17-17
29.14,67.8,49.49,20,0,26,0,Red,Paddy,10-26-26
28.78,59.46,29.35,16,16,18,2,Sandy,Oil seeds,28-28
27.9,58.51,31.93,36,3,3,1,Red,Millets,20-20
28.0,54.0,47.0,5,18,15,2,Sandy,Barley,10-26-26
33.52,56.48,24.69,41,0,0,1,Sandy,Wheat,DAP
31.49,58.29,37.49,44,0,0,1,Clayey,Millets,14-35-14
31.58,72.23,37.14,12,0,32,0,Loamy,Ground Nuts,14-35-14
32.56,71.98,46.27,20,1,21,0,Loamy,Wheat,14-35-14
23.88,50.11,28.85,16,10,7,2,Clayey,Wheat,17-17-17
29.37,58.84,44.67,10,8,11,2,Black,Millets,28-28
35.21,59.99,52.74,12,12,12,0,Loamy,Paddy,28-28
29.82,71.87,24.39,12,0,36,0,Red,Wheat,Urea
27.02,55.09,35.69,36,0,0,1,Red,Paddy,Urea
34.6,57.76,33.56,18,0,42,0,Sandy,Wheat,Urea
26.01,58.47,25.34,39,4,0,1,Black,Cotton,28-28
32.06,55.75,63.43,41,1,0,1,Loamy,Wheat,10-26-26
30.79,61.55,57.57,7,0,7,0,Loamy,Sugarcane,10-26-26
33.01,61.9,32.87,41,3,1,1,Sandy,Wheat,28-28
25.65,62.92,28.49,44,0,2,1,Sandy,Barley,14-35-14
27.67,59.9,26.38,41,0,2,1,Black,Cotton,Urea
32.55,64.64,43.51,11,0,45,0,Loamy,Pulses,17-17-17
25.9,47.84,31.55,11,2,14,2,Sandy,Pulses,14-35-14
24.9,51.02,31.9,14,13,8,2,Loamy,Ground Nuts,17-17-17
34.79,58.37,48.33,5,10,31,0,Clayey,Oil seeds,14-35-14
34.07,61.51,36.87,2,18,19,0,Clayey,Sugarcane,DAP
27.55,50.87,37.69,24,0,21,2,Loamy,Wheat,14-35-14
26.44,65.84,50.2,10,0,9,2,Clayey,Pulses,28-28
30.21,58.61,33.56,20,0,19,2,Sandy,Tobacco,DAP
32.22,56.23,20.0,8,6,28,2,Red,Oil seeds,Urea
31.52,56.11,29.79,22,2,21,2,Clayey,Pulses,Urea
31.25,74.07,43.43,6,19,22,0,Clayey,Oil seeds,17-17-17
31.18,48.63,40.61,10,7,30,2,Loamy,Ground Nuts,28-28
25.31,51.61,33.05,17,0,40,2,Red,Ground Nuts,DAP
32.02,63.85,28.71,39,1,4,1,Red,Maize,17-17-17
30.61,51.99,36.27,9,17,13,2,Red,Wheat,DAP
28.75,60.69,32.81,7,8,34,2,Black,Barley,28-28
32.73,62.66,34.5,12,1,44,0,Red,Paddy,17-17-17
30.05,59.14,39.13,17,0,43,0,Red,Ground Nuts,20-20
37.94,60.1,56.48,8,7,25,0,Loamy,Maize,17-17-17
25.38,57.54,70.0,36,0,0,1,Black,Barley,Urea
36.44,69.49,70.0,12,2,40,0,Loamy,Ground Nuts,20-20
23.0,60.54,38.01,30,0,4,1,Red,Oil seeds,28-28
32.14,56.56,42.3,42,2,4,1,Loamy,Tobacco,20-20
30.4,55.27,41.63,17,2,29,2,Clayey,Ground Nuts,DAP
29.63,45.37,21.76,14,0,11,2,Black,Sugarcane,28-28
32.75,69.48,55.67,21,4,17,0,Clayey,Cotton,Urea
35.48,55.43,28.66,17,2,19,0,Red,Millets,10-26-26
39.29,62.84,52.03,3,7,32,0,Red,Millets,17-17-17
26.62,60.59,21.88,11,10,28,2,Sandy,Barley,10-26-26
31.11,62.66,29.66,19,0,37,0,Clayey,Paddy,28-28
33.94,55.33,48.3,17,4,14,0,Clayey,Tobacco,Urea
38.92,59.35,41.61,11,2,10,0,Clayey,Cotton,28-28
35.71,57.85,44.78,11,11,11,0,Black,Cotton,28-28
30.29,46.16,40.66,32,0,0,1,Clayey,Paddy,DAP
30.38,63.18,56.23,12,11,26,0,Loamy,Tobacco,14-35-14
24.58,45.65,30.81,38,0,0,1,Sandy,Cotton,20-20
27.74,65.66,67.85,13,0,36,0,Loamy,Millets,17-17-17
22.58,47.54,39.32,34,0,3,1,Red,Ground Nuts,Urea
37.45,74.47,28.23,10,2,28,0,Red,Cotton,Urea
34.1,73.57,58.27,38,0,0,1,Clayey,Pulses,Urea
30.31,50.75,39.01,13,16,13,2,Black,Oil seeds,20-20
28.17,50.1,57.67,14,0,6,2,Sandy,Cotton,17-17-17
34.0,65.0,60.0,35,0,0,1,Black,Sugarcane,Urea
27.0,53.0,34.0,42,0,0,1,Black,Oil seeds,Urea
24.96,55.02,37.99,13,1,8,2,Sandy,Paddy,DAP
39.82,76.99,27.78,12,4,38,0,Red,Wheat,28-28
30.06,47.8,60.33,34,0,0,1,Loamy,Barley,20-20
25.4,56.88,53.51,10,9,27,2,Loamy,Millets,28-28
34.24,61.19,31.95,20,3,16,0,Sandy,Maize,DAP
27.23,57.59,62.86,13,7,26,2,Loamy,Paddy,Urea
30.46,48.84,33.31,23,1,25,2,Red,Paddy,14-35-14
30.5,59.68,35.22,11,4,18,2,Black,Wheat,Urea
20.05,52.7,59.86,36,0,0,1,Black,Oil seeds,10-26-26
32.25,51.79,35.69,14,0,10,2,Black,Millets,DAP
34.19,57.37,20.0,5,13,21,2,Red,Wheat,Urea
27.96,53.07,59.54,9,4,33,2,Clayey,Pulses,17-17-17
23.79,58.36,23.74,11,13,32,2,Red,Barley,17-17-17
24.57,49.59,48.59,25,0,19,2,Sandy,Ground Nuts,17-17-17
26.37,58.84,50.54,13,10,25,2,Clayey,Barley,28-28
36.71,76.2,24.17,10,0,17,0,Sandy,Barley,14-35-14
31.36,56.32,45.45,8,0,9,2,Sandy,Barley,17-17-17
31.53,62.71,63.53,28,0,16,1,Red,Ground Nuts,20-20
27.14,52.85,56.68,11,0,13,2,Sandy,Tobacco,17-17-17
39.68,75.02,51.69,3,4,31,0,Clayey,Barley,14-35-14
31.72,45.26,28.54,35,0,2,1,Clayey,Maize,17-17-17
30.31,61.48,37.51,12,12,19,2,Black,Maize,17-17-17
24.91,47.48,32.77,17,0,21,2,Black,Pulses,17-17-17
31.02,47.08,52.83,9,3,25,2,Loamy,Pulses,20-20
30.49,59.07,27.14,16,0,11,2,Loamy,Barley,14-35-14
27.46,63.08,52.97,11,0,12,2,Black,Cotton,10-26-26
31.91,60.89,34.53,30,0,0,1,Sandy,Wheat,10-26-26
35.72,68.72,25.91,21,0,18,0,Red,Wheat,20-20
30.71,67.85,56.82,8,13,28,0,Black,Oil seeds,14-35-14
32.93,62.95,42.75,26,0,23,0,Black,Sugarcane,DAP
32.06,61.19,38.55,41,3,2,1,Black,Cotton,Urea
33.97,73.31,26.07,8,0,18,0,Sandy,Wheat,20-20
30.43,59.8,49.02,21,2,19,2,Black,Ground Nuts,Urea
27.38,63.54,38.63,21,0,26,2,Loamy,Ground Nuts,10-26-26
29.68,59.53,42.04,20,0,14,2,Loamy,Maize,20-20
27.54,58.58,30.71,43,1,2,1,Black,Tobacco,DAP
38.72,58.9,38.91,8,11,31,0,Black,Barley,14-35-14
27.52,62.28,31.71,23,0,18,2,Sandy,Pulses,14-35-14
33.9,64.42,47.41,23,0,13,0,Sandy,Millets,28-28
32.81,73.39,41.77,6,2,36,0,Sandy,Pulses,28-28
34.42,71.01,48.66,10,9,14,0,Loamy,Sugarcane,Urea
27.6,58.3,56.77,12,8,26,2,Loamy,Ground Nuts,10-26-26
27.41,51.23,46.31,23,0,20,2,Black,Tobacco,10-26-26
40.0,67.6,43.19,4,11,23,0,Red,Cotton,14-35-14
28.21,47.64,32.29,14,13,12,2,Red,Oil seeds,20-20
29.6,58.17,40.56,17,4,38,2,Red,Millets,DAP
31.0,62.0,63.0,11,12,15,0,Red,Cotton,17-17-17
29.44,60.05,37.08,32,2,0,1,Loamy,Pulses,20-20
33.42,65.41,63.33,15,0,38,0,Black,Maize,14-35-14
34.77,66.85,35.35,14,4,41,0,Clayey,Ground Nuts,17-17-17
31.9,55.45,59.87,12,0,37,0,Sandy,Barley,14-35-14
29.29,49.2,35.91,16,1,40,2,Red,Cotton,10-26-26
25.71,56.23,55.63,12,0,38,2,Red,Paddy,10-26-26
29.39,52.92,44.26,14,0,11,2,Red,Sugarcane,10-26-26
24.54,53.73,20.6,18,16,12,2,Clayey,Pulses,10-26-26
32.08,55.08,52.81,6,12,32,2,Red,Ground Nuts,DAP
33.5,69.8,35.8,16,0,35,0,Clayey,Ground Nuts,DAP
31.03,54.07,57.8,6,0,16,2,Black,Cotton,28-28
26.65,56.89,50.34,6,15,19,2,Black,Maize,28-28
24.52,49.32,48.19,23,4,15,2,Black,Pulses,14-35-14
30.97,45.08,52.45,8,4,39,2,Black,Tobacco,28-28
33.6,66.97,34.42,10,0,41,0,Black,Barley,DAP
31.83,68.3,27.79,7,2,27,0,Red,Cotton,28-28
26.28,53.99,20.0,12,14,12,2,Sandy,Cotton,17-17-17
30.49,55.56,64.02,11,0,34,0,Loamy,Wheat,17-17-17
32.94,56.15,39.04,10,0,44,0,Clayey,Ground Nuts,DAP
26.74,46.67,64.2,36,2,0,1,Sandy,Sugarcane,14-35-14
32.56,72.74,47.31,14,14,7,0,Loamy,Ground Nuts,DAP
32.66,55.25,20.0,0,13,16,2,Red,Paddy,10-26-26
24.8,49.86,36.62,18,3,40,2,Loamy,Pulses,Urea
33.87,54.76,35.38,26,3,21,0,Loamy,Pulses,10-26-26
36.51,58.06,51.75,14,0,40,0,Loamy,Pulses,DAP
29.8,59.07,54.15,9,0,42,0,Sandy,Oil seeds,Urea
28.32,58.66,47.07,16,1,38,2,Clayey,Tobacco,20-20
22.18,60.13,31.3,14,0,12,2,Black,Maize,Urea
29.35,62.25,39.85,12,4,5,2,Loamy,Ground Nuts,Urea
30.48,58.07,30.84,18,0,23,2,Sandy,Paddy,DAP
27.26,62.29,46.78,22,4,19,2,Sandy,Paddy,10-26-26
20.79,58.13,63.78,11,15,11,2,Clayey,Ground Nuts,28-28
33.67,56.87,39.33,25,0,23,0,Sandy,Oil seeds,20-20
31.99,67.57,54.82,41,0,0,1,Clayey,Ground Nuts,28-28
39.25,76.98,28.94,12,0,37,0,Clayey,Ground Nuts,Urea
33.33,65.37,31.42,39,0,4,1,Black,Sugarcane,10-26-26
30.51,55.65,37.31,13,15,16,2,Clayey,Barley,20-20
26.24,54.1,38.98,12,0,11,2,Loamy,Millets,20-20
27.02,45.11,48.36,33,0,0,1,Black,Tobacco,Urea
29.46,66.27,38.77,41,0,0,1,Sandy,Barley,17-17-17
29.11,56.91,62.25,26,3,24,2,Black,Ground Nuts,10-26-26
38.06,56.01,39.45,5,21,19,0,Red,Wheat,Urea
28.49,66.42,33.78,28,0,13,1,Sandy,Cotton,DAP
33.67,68.27,57.75,34,4,0,1,Clayey,Millets,DAP
31.27,66.2,43.52,20,4,17,0,Clayey,Cotton,14-35-14
24.4,57.91,27.16,12,10,31,2,Loamy,Millets,DAP
38.76,72.35,28.4,18,0,16,0,Black,Pulses,28-28
32.18,53.01,45.88,1,18,14,2,Sandy,Barley,DAP
28.98,57.19,43.18,43,3,1,1,Sandy,Sugarcane,20-20
29.04,52.28,61.27,12,0,32,2,Sandy,Maize,20-20
36.16,66.29,49.05,1,19,19,0,Loamy,Barley,10-26-26
21.95,59.83,69.07,38,0,0,1,Sandy,Wheat,DAP
29.07,61.08,27.49,9,0,9,2,Clayey,Pulses,10-26-26
29.54,46.05,47.43,10,22,13,2,Clayey,Maize,10-26-26
26.29,47.4,68.32,6,0,7,2,Black,Pulses,14-35-14
22.5,58.83,39.36,10,4,12,2,Red,Oil seeds,Urea
30.6,46.79,28.45,8,0,6,2,Red,Maize,14-35-14
35.22,56.07,66.76,25,1,19,0,Red,Tobacco,Urea
25.29,61.48,27.71,7,6,32,2,Red,Paddy,Urea
26.1,43.22,23.24,8,0,7,2,Sandy,Millets,14-35-14
28.8,49.98,58.83,14,10,17,2,Black,Sugarcane,20-20
33.0,54.95,39.38,4,0,16,2,Loamy,Millets,DAP
31.29,48.4,35.57,13,8,32,2,Sandy,Barley,10-26-26
36.94,59.73,52.98,37,2,0,1,Clayey,Paddy,17-17-17
32.41,66.99,33.52,26,0,17,0,Red,Barley,20-20
30.28,66.13,41.03,42,1,1,1,Red,Oil seeds,28-28
32.8,44.88,49.08,34,0,1,1,Red,Pulses,DAP
25.58,52.45,68.83,42,0,0,1,Black,Millets,Urea
29.42,67.16,30.27,37,1,2,1,Black,Pulses,Urea
31.59,52.6,26.27,11,1,37,2,Red,Barley,17-17-17
25.43,56.25,52.07,10,9,35,2,Black,Oil seeds,Urea
30.86,69.7,44.53,15,0,12,0,Black,Barley,14-35-14
23.65,42.79,40.9,35,4,2,1,Clayey,Oil seeds,14-35-14
33.54,59.28,52.09,21,3,20,0,Clayey,Wheat,20-20
25.44,56.27,32.82,40,0,0,1,Clayey,Tobacco,Urea
21.51,50.09,32.94,10,6,10,2,Red,Maize,17-17-17
24.23,40.87,63.97,14,8,13,2,Black,Oil seeds,20-20
31.88,54.26,51.83,20,1,15,2,Sandy,Millets,14-35-14
28.09,68.54,27.88,11,5,32,0,Red,Maize,10-26-26
29.31,62.5,47.47,24,2,21,0,Red,Ground Nuts,17-17-17
23.43,55.73,32.02,25,1,14,2,Sandy,Millets,20-20
39.16,69.41,37.45,17,0,40,0,Red,Tobacco,17-17-17
37.01,59.22,39.3,11,0,37,0,Sandy,Cotton,14-35-14
24.96,57.15,41.93,22,0,23,2,Loamy,Millets,Urea
37.09,60.97,41.55,8,6,32,0,Sandy,Ground Nuts,20-20
24.87,53.41,36.47,31,4,0,1,Loamy,Oil seeds,DAP
29.27,66.78,50.96,23,4,24,0,Loamy,Maize,14-35-14
37.66,55.23,31.77,12,4,41,0,Clayey,Maize,17-17-17
33.16,56.99,39.99,16,2,9,2,Red,Pulses,14-35-14
33.52,67.5,38.1,25,1,20,0,Clayey,Ground Nuts,17-17-17
32.02,56.24,36.81,33,1,0,1,Red,Maize,DAP
31.48,62.77,52.55,18,4,16,0,Sandy,Tobacco,28-28
22.27,59.9,51.79,12,2,11,2,Clayey,Ground Nuts,20-20
39.33,67.44,37.85,7,0,37,0,Loamy,Sugarcane,14-35-14
33.83,61.27,70.0,12,1,38,0,Sandy,Oil seeds,17-17-17
34.1,66.26,41.39,6,2,9,0,Sandy,Tobacco,10-26-26
28.06,49.09,36.0,21,0,26,2,Clayey,Ground Nuts,28-28
27.53,55.04,57.07,4,0,14,2,Sandy,Pulses,28-28
37.05,61.02,32.03,18,2,21,0,Sandy,Oil seeds,Urea
29.84,42.95,34.38,10,13,19,2,Clayey,Sugarcane,14-35-14
30.49,58.21,39.3,12,11,11,2,Clayey,Ground Nuts,17-17-17
31.87,58.58,44.74,38,0,0,1,Loamy,Ground Nuts,10-26-26
26.08,44.39,42.34,16,2,26,2,Clayey,Sugarcane,20-20
32.28,51.88,30.19,16,3,41,2,Loamy,Barley,Urea
27.35,67.26,42.1,10,3,8,2,Sandy,Oil seeds,10-26-26
32.32,54.98,49.88,12,0,8,2,Sandy,Sugarcane,10-26-26
29.04,51.0,20.0,16,4,35,2,Red,Sugarcane,Urea
35.13,56.04,35.97,33,2,0,1,Sandy,Paddy,10-26-26
32.1,66.19,31.38,44,0,0,1,Clayey,Paddy,28-28
32.53,60.02,29.35,10,4,42,0,Clayey,Wheat,Urea
33.94,57.36,51.49,10,2,41,0,Clayey,Millets,20-20
36.13,74.73,24.29,3,10,35,0,Black,Wheat,DAP
27.6,61.78,39.37,37,0,0,1,Loamy,Paddy,20-20
25.75,50.81,43.31,9,0,38,2,Clayey,Barley,28-28
35.35,50.2,38.74,13,0,38,0,Sandy,Tobacco,DAP
31.4,56.72,59.17,2,9,29,0,Black,Barley,DAP
34.14,73.42,43.02,45,0,0,1,Sandy,Barley,20-20
30.88,47.99,36.9,44,0,3,1,Sandy,Ground Nuts,DAP
21.15,48.8,36.88,11,4,10,2,Loamy,Pulses,10-26-26
26.13,55.73,53.35,13,0,5,2,Red,Oil seeds,Urea
26.47,62.91,46.87,10,4,11,2,Sandy,Ground Nuts,28-28
25.21,65.01,49.34,26,1,18,2,Clayey,Tobacco,17-17-17
32.27,66.81,57.12,16,3,11,0,Red,Oil seeds,10-26-26
29.89,71.8,41.42,16,0,34,0,Loamy,Paddy,DAP
31.29,60.08,42.87,18,2,28,0,Red,Tobacco,17-17-17
25.41,54.6,67.69,11,1,39,2,Loamy,Pulses,17-17-17
31.61,64.2,32.23,44,0,1,1,Loamy,Tobacco,17-17-17
32.12,69.24,36.58,43,0,0,1,Red,Cotton,14-35-14
40.0,71.21,45.73,38,0,2,1,Clayey,Sugarcane,DAP
32.5,71.1,69.62,7,7,11,0,Red,Wheat,10-26-26
30.42,50.01,26.27,9,3,11,2,Black,Ground Nuts,28-28
28.66,47.45,44.04,36,0,4,1,Loamy,Wheat,20-20
27.91,56.12,55.18,32,0,1,1,Sandy,Barley,Urea
39.21,64.25,56.31,16,3,41,0,Loamy,Cotton,20-20
24.03,58.77,40.78,15,4,14,2,Loamy,Millets,DAP
26.79,43.38,41.56,24,3,23,2,Clayey,Oil seeds,Urea
29.75,61.63,34.96,17,0,31,0,Black,Tobacco,14-35-14
33.96,74.09,54.5,33,2,0,1,Black,Pulses,Urea
35.54,65.54,44.63,26,0,15,0,Clayey,Barley,17-17-17
29.0,51.21,32.58,12,0,14,2,Sandy,Barley,Urea
30.35,64.11,45.1,34,0,4,1,Sandy,Sugarcane,14-35-14
36.41,65.44,34.56,38,2,0,1,Red,Maize,DAP
29.81,66.55,42.65,9,0,10,0,Black,Wheat,14-35-14
32.51,62.88,48.48,22,1,18,0,Loamy,Sugarcane,Urea
40.0,79.57,38.94,8,11,26,0,Black,Oil seeds,20-20
30.95,63.54,47.11,31,4,0,1,Sandy,Pulses,28-28
30.76,66.64,56.32,41,3,4,1,Red,Ground Nuts,28-28
39.11,68.35,24.92,7,4,36,0,Sandy,Ground Nuts,17-17-17
28.11,47.2,36.8,10,0,35,2,Clayey,Paddy,20-20
26.33,59.59,55.24,7,4,10,2,Black,Cotton,Urea
29.51,60.72,49.86,6,2,11,2,Sandy,Maize,Urea
29.05,54.64,49.53,11,0,6,2,Clayey,Paddy,10-26-26
26.4,61.18,44.59,37,0,3,1,Sandy,Cotton,14-35-14
36.4,64.47,41.6,11,3,6,0,Black,Pulses,Urea
30.87,63.26,31.49,25,4,19,0,Black,Cotton,28-28
27.51,56.22,31.72,17,0,20,2,Clayey,Tobacco,28-28
28.78,45.41,33.28,12,3,29,2,Red,Millets,17-17-17
30.14,55.8,53.62,11,0,39,0,Loamy,Millets,17-17-17
26.81,50.5,47.46,22,3,16,2,Loamy,Pulses,10-26-26
34.06,66.03,26.03,24,0,24,0,Loamy,Maize,DAP
27.56,58.15,53.0,15,1,39,2,Black,Cotton,17-17-17
30.11,48.12,54.43,6,2,15,2,Red,Maize,28-28
30.8,50.26,34.44,8,11,11,2,Sandy,Paddy,20-20
30.64,65.77,32.86,24,0,17,0,Clayey,Sugarcane,17-17-17
35.06,71.81,44.59,7,22,21,0,Red,Paddy,20-20
25.31,52.69,46.3,10,16,16,2,Red,Tobacco,14-35-14
34.7,66.76,69.2,7,14,16,0,Loamy,Sugarcane,20-20
26.17,50.41,34.14,32,3,3,1,Clayey,Tobacco,10-26-26
29.49,67.11,63.28,9,15,11,0,Black,Oil seeds,28-28
27.29,48.55,37.91,15,0,14,2,Loamy,Oil seeds,20-20
39.46,66.35,42.08,4,4,26,0,Sandy,Sugarcane,20-20
